Date, Biomass , Hydro , Wind Offshore , Wind Onshore , Solar , Other renewable , Nuclear , Brown coal , Hard coal , Fossil Gas , Hydro pumped storage , Other Conventional , Total grid load , Residual load , Reverse hydro pumped , Sum conventional , Sum renewable , CW , Season 
01/01/2015," 1,003.69 ", 286.16 , 130.39 ," 3,112.54 ", 177.96 , 22.61 ," 2,619.73 "," 3,277.24 ", 632.72 , 248.08 , 246.82 ," 1,397.20 "," 11,425.59 "," 8,005.00 ", 269.85 ," 8,174.97 "," 4,980.17 ", 1 , 1 
02/01/2015," 1,002.73 ", 282.32 , 107.72 ," 6,162.89 ", 80.89 , 30.33 ," 2,275.51 "," 2,680.81 ", 871.19 , 311.80 , 265.98 ," 1,549.71 "," 13,426.29 "," 7,075.16 ", 283.68 ," 7,689.02 "," 7,932.85 ", 1 , 1 
03/01/2015, 999.32 , 324.46 , 126.30 ," 4,760.98 ", 75.41 , 34.00 ," 2,554.81 "," 3,091.00 ", 635.53 , 310.44 , 274.39 ," 1,451.14 "," 12,638.77 "," 7,676.28 ", 257.35 ," 8,042.92 "," 6,594.85 ", 1 , 1 
04/01/2015," 1,009.31 ", 439.84 , 120.35 ," 3,948.32 ", 208.20 , 34.00 ," 2,621.27 "," 2,999.09 ", 492.08 , 223.78 , 276.13 ," 1,380.35 "," 12,269.92 "," 7,993.32 ", 254.74 ," 7,716.58 "," 6,036.16 ", 2 , 1 
05/01/2015," 1,004.73 ", 396.94 , 80.83 ," 2,287.91 ", 276.30 , 33.67 ," 2,782.18 "," 4,220.68 "," 1,844.33 ", 366.20 , 268.24 ," 2,165.48 "," 14,853.51 "," 12,208.84 ", 268.23 ," 11,378.86 "," 4,348.61 ", 2 , 1 
06/01/2015, 984.60 , 376.70 , 71.89 ," 1,070.00 ", 342.64 , 33.84 ," 2,851.75 "," 4,412.73 "," 2,699.58 ", 446.72 , 203.26 ," 2,265.45 "," 14,946.73 "," 13,462.55 ", 232.34 ," 12,676.23 "," 3,082.93 ", 2 , 1 
07/01/2015, 997.28 , 369.55 , 111.51 ," 2,193.89 ", 178.32 , 33.99 ," 2,860.88 "," 4,506.19 "," 2,701.32 ", 587.11 , 279.19 ," 2,348.23 "," 16,134.48 "," 13,651.06 ", 156.02 ," 13,003.73 "," 4,163.73 ", 2 , 1 
08/01/2015, 998.90 , 373.42 , 128.63 ," 4,380.69 ", 89.57 , 31.45 ," 2,834.69 "," 4,156.27 "," 2,331.59 ", 402.77 , 320.46 ," 1,974.89 "," 16,390.25 "," 11,791.59 ", 217.34 ," 11,700.21 "," 6,323.10 ", 2 , 1 
09/01/2015," 1,013.06 ", 380.19 , 91.75 ," 6,618.40 ", 71.13 , 31.21 ," 2,760.93 "," 3,458.92 "," 1,251.25 ", 411.73 , 338.77 ," 1,600.27 "," 16,164.69 "," 9,383.64 ", 192.74 ," 9,483.09 "," 8,544.50 ", 2 , 1 
10/01/2015," 1,014.96 ", 458.68 , 67.86 ," 6,500.80 ", 213.32 , 33.51 ," 2,716.36 "," 2,296.05 ", 487.64 , 223.36 , 284.25 ," 1,452.65 "," 13,855.55 "," 7,073.86 ", 228.39 ," 7,176.06 "," 8,573.39 ", 2 , 1 
11/01/2015," 1,010.78 ", 449.40 , 99.63 ," 6,462.85 ", 206.41 , 33.99 ," 2,552.97 "," 1,923.97 ", 414.42 , 189.96 , 226.73 ," 1,434.41 "," 12,972.17 "," 6,203.50 ", 247.69 ," 6,515.72 "," 8,489.78 ", 3 , 1 
12/01/2015," 1,019.19 ", 437.50 , 121.70 ," 6,478.98 ", 114.93 , 32.88 ," 2,718.82 "," 3,331.86 "," 1,213.73 ", 352.44 , 262.83 , 253.74 ," 16,377.45 "," 9,662.19 ", 233.73 ," 7,870.59 "," 8,468.00 ", 3 , 1 
13/01/2015," 1,012.97 ", 416.78 , 93.30 ," 5,302.18 ", 523.82 , 22.35 ," 2,779.54 "," 3,637.34 "," 1,729.11 ", 395.30 , 286.11 , 240.41 ," 16,227.18 "," 10,308.18 ", 175.73 ," 8,781.71 "," 7,657.52 ", 3 , 1 
14/01/2015," 1,007.32 ", 407.71 , 93.58 ," 4,167.29 ", 188.66 , 31.49 ," 2,809.84 "," 4,145.06 "," 2,262.78 ", 365.68 , 298.79 , 257.95 ," 16,190.28 "," 11,741.02 ", 222.21 ," 9,841.31 "," 6,194.84 ", 3 , 1 
15/01/2015," 1,013.20 ", 413.08 , 127.96 ," 5,591.28 ", 178.74 , 34.97 ," 2,750.76 "," 3,965.82 "," 1,819.04 ", 380.73 , 303.88 ," 1,519.10 "," 16,467.03 "," 10,569.44 ", 246.09 ," 10,435.46 "," 7,663.10 ", 3 , 1 
16/01/2015," 1,009.33 ", 408.13 , 108.49 ," 2,677.71 ", 237.72 , 34.25 ," 2,801.10 "," 4,306.45 "," 2,519.73 ", 381.50 , 297.09 ," 2,089.03 "," 15,980.00 "," 12,956.34 ", 195.56 ," 12,097.81 "," 4,772.72 ", 3 , 1 
17/01/2015," 1,015.56 ", 411.93 , 120.11 ," 1,278.60 ", 223.02 , 33.97 ," 2,815.34 "," 4,488.02 "," 2,386.31 ", 315.90 , 289.90 ," 1,693.89 "," 13,843.95 "," 12,222.46 ", 227.20 ," 11,699.46 "," 3,373.09 ", 3 , 1 
18/01/2015," 1,019.77 ", 402.02 , 54.71 ," 1,315.36 ", 325.67 , 35.02 ," 2,767.51 "," 4,426.68 "," 2,120.74 ", 370.72 , 254.15 ," 1,576.28 "," 12,949.15 "," 11,253.70 ", 237.77 ," 11,261.93 "," 3,406.70 ", 4 , 1 
19/01/2015," 1,010.72 ", 407.05 , 5.14 , 342.66 , 246.73 , 34.63 ," 2,844.58 "," 4,729.39 "," 2,880.73 ", 823.81 , 305.38 ," 2,520.78 "," 16,249.57 "," 15,655.35 ", 173.04 ," 13,799.29 "," 2,352.29 ", 4 , 1 
20/01/2015," 1,016.35 ", 429.29 , 13.46 , 165.70 , 112.47 , 34.30 ," 2,852.00 "," 4,889.40 "," 2,996.72 ", 975.57 , 369.28 ," 2,693.92 "," 16,619.53 "," 16,328.36 ", 198.50 ," 14,407.60 "," 2,140.85 ", 4 , 1 
21/01/2015," 1,017.58 ", 438.31 , 24.33 , 471.30 , 230.48 , 34.99 ," 2,853.95 "," 4,741.34 "," 3,122.70 ", 958.97 , 308.81 ," 2,616.45 "," 16,608.18 "," 15,882.32 ", 216.82 ," 14,293.41 "," 2,525.81 ", 4 , 1 
22/01/2015," 1,014.99 ", 424.70 , 13.57 , 656.58 , 126.28 , 35.00 ," 2,856.45 "," 4,593.90 "," 3,340.30 ", 910.07 , 375.63 ," 2,565.85 "," 16,728.55 "," 15,932.41 ", 218.55 ," 14,266.57 "," 2,646.75 ", 4 , 1 
23/01/2015," 1,007.16 ", 410.72 , 46.03 , 327.70 , 73.08 , 34.96 ," 2,856.46 "," 4,615.78 "," 3,437.73 ", 767.75 , 367.32 ," 2,453.11 "," 16,460.51 "," 16,014.02 ", 206.81 ," 14,130.83 "," 2,266.97 ", 4 , 1 
24/01/2015," 1,010.29 ", 384.31 , 122.46 ," 1,479.92 ", 102.45 , 34.85 ," 2,837.94 "," 4,591.45 "," 2,650.60 ", 397.38 , 239.99 ," 1,747.66 "," 14,498.55 "," 12,794.05 ", 201.97 ," 12,225.02 "," 3,374.27 ", 4 , 1 
25/01/2015," 1,017.43 ", 347.34 , 89.72 ," 1,121.71 ", 120.57 , 33.49 ," 2,782.11 "," 4,486.18 "," 2,336.99 ", 355.93 , 242.66 ," 1,695.83 "," 13,177.84 "," 11,846.06 ", 187.84 ," 11,657.04 "," 2,972.92 ", 5 , 1 
26/01/2015," 1,021.81 ", 343.98 , 150.43 ," 2,134.00 ", 110.43 , 34.83 ," 2,841.36 "," 4,341.28 "," 3,169.72 ", 598.76 , 302.82 ," 2,441.74 "," 16,468.99 "," 14,074.40 ", 170.51 ," 13,392.86 "," 4,098.30 ", 5 , 1 
27/01/2015," 1,021.48 ", 363.56 , 116.06 ," 2,776.82 ", 183.10 , 32.89 ," 2,842.55 "," 4,111.93 "," 3,055.83 ", 524.78 , 271.20 ," 2,500.77 "," 16,586.04 "," 13,510.31 ", 189.49 ," 13,035.86 "," 4,765.11 ", 5 , 1 
28/01/2015," 1,014.01 ", 364.95 , 142.98 ," 4,293.07 ", 172.76 , 33.61 ," 2,825.27 "," 3,910.54 "," 2,719.60 ", 515.13 , 266.40 ," 2,063.70 "," 16,806.53 "," 12,198.06 ", 192.10 ," 12,034.24 "," 6,287.78 ", 5 , 1 
29/01/2015," 1,012.04 ", 370.95 , 114.29 ," 4,227.97 ", 289.44 , 32.32 ," 2,816.54 "," 3,764.85 "," 2,468.10 ", 489.15 , 368.20 ," 2,113.13 "," 16,631.23 "," 11,999.83 ", 234.14 ," 11,651.77 "," 6,415.21 ", 5 , 1 
30/01/2015," 1,010.59 ", 395.38 , 16.94 , 924.54 , 140.30 , 34.77 ," 2,760.04 "," 4,497.50 "," 3,184.08 ", 606.00 , 340.88 ," 2,462.48 "," 16,279.80 "," 15,198.36 ", 226.59 ," 13,510.10 "," 2,863.40 ", 5 , 1 
31/01/2015," 1,007.77 ", 379.59 , 20.76 ," 1,368.03 ", 210.60 , 35.15 ," 2,595.72 "," 4,324.80 "," 2,765.81 ", 439.02 , 252.53 ," 1,980.57 "," 14,011.90 "," 12,412.92 ", 174.52 ," 12,105.93 "," 3,274.44 ", 5 , 1 
01/02/2015," 1,025.92 ", 338.22 , 62.68 ," 1,188.31 ", 257.14 , 36.00 ," 2,829.64 "," 4,397.67 "," 2,124.54 ", 414.24 , 213.99 ," 1,624.89 "," 13,024.68 "," 11,516.95 ", 210.66 ," 11,390.97 "," 3,122.25 ", 6 , 1 
02/02/2015," 1,025.63 ", 334.04 , 84.95 ," 1,977.27 ", 211.16 , 35.66 ," 2,845.10 "," 4,559.50 "," 3,068.53 ", 624.73 , 298.68 ," 2,429.02 "," 16,588.96 "," 14,315.86 ", 173.92 ," 13,526.89 "," 3,967.38 ", 6 , 1 
03/02/2015," 1,023.55 ", 350.00 , 79.08 , 977.48 , 286.80 , 35.43 ," 2,833.22 "," 4,507.06 "," 3,442.90 ", 941.77 , 261.45 ," 2,521.38 "," 16,884.69 "," 15,541.54 ", 190.94 ," 14,246.32 "," 3,013.79 ", 6 , 1 
04/02/2015," 1,019.68 ", 363.90 , 29.04 , 404.93 , 332.86 , 34.86 ," 2,849.58 "," 4,359.02 "," 3,638.83 "," 1,101.14 ", 251.34 ," 2,584.71 "," 16,940.90 "," 16,174.43 ", 173.80 ," 14,533.28 "," 2,436.61 ", 6 , 1 
05/02/2015," 1,011.35 ", 352.46 , 58.45 ," 1,176.45 ", 302.55 , 35.70 ," 2,838.66 "," 4,365.11 "," 3,535.31 ", 912.47 , 325.43 ," 2,553.36 "," 16,911.83 "," 15,374.69 ", 166.30 ," 14,204.92 "," 3,262.39 ", 6 , 1 
06/02/2015," 1,009.23 ", 336.58 , 18.30 ," 1,800.09 ", 482.79 , 35.98 ," 2,837.88 "," 4,428.88 "," 3,334.55 ", 653.59 , 313.80 ," 2,398.04 "," 16,638.69 "," 14,337.89 ", 177.63 ," 13,652.94 "," 3,996.78 ", 6 , 1 
07/02/2015," 1,010.81 ", 328.23 , 144.91 ," 2,618.72 ", 487.91 , 32.61 ," 2,777.60 "," 3,858.13 "," 2,056.47 ", 562.95 , 285.63 ," 1,665.39 "," 14,532.90 "," 11,281.77 ", 189.69 ," 10,920.53 "," 4,908.81 ", 6 , 1 
08/02/2015," 1,014.69 ", 308.80 , 166.33 ," 4,127.25 ", 546.19 , 29.30 ," 2,541.88 "," 3,186.38 "," 1,134.67 ", 484.25 , 239.65 ," 1,526.97 "," 13,344.60 "," 8,505.00 ", 303.33 ," 8,874.14 "," 6,432.21 ", 7 , 1 
09/02/2015," 1,006.02 ", 299.24 , 179.58 ," 3,868.74 ", 156.79 , 32.78 ," 2,817.01 "," 3,920.27 "," 2,489.09 ", 634.78 , 285.18 ," 2,224.85 "," 16,623.66 "," 12,418.85 ", 223.43 ," 12,086.01 "," 5,828.33 ", 7 , 1 
10/02/2015," 1,017.27 ", 320.26 , 110.64 ," 1,490.93 ", 251.39 , 34.74 ," 2,834.48 "," 4,419.56 "," 3,365.47 ", 762.00 , 232.61 ," 2,451.09 "," 16,664.20 "," 14,811.55 ", 165.90 ," 13,832.60 "," 3,457.83 ", 7 , 1 
11/02/2015," 1,012.80 ", 321.76 , 8.05 , 273.74 , 291.79 , 34.11 ," 2,840.53 "," 4,437.21 "," 3,788.50 ", 881.84 , 302.05 ," 2,555.06 "," 16,611.23 "," 16,038.01 ", 149.59 ," 14,503.15 "," 2,244.31 ", 7 , 1 
12/02/2015," 1,010.04 ", 328.32 , 8.71 , 237.82 , 422.89 , 35.57 ," 2,841.23 "," 4,454.27 "," 3,872.04 ", 717.09 , 363.60 ," 2,500.86 "," 16,595.71 "," 15,926.63 ", 168.91 ," 14,385.50 "," 2,406.96 ", 7 , 1 
13/02/2015," 1,008.91 ", 334.99 , 84.39 , 872.49 , 672.25 , 35.29 ," 2,836.10 "," 4,430.35 "," 3,537.19 ", 591.80 , 296.15 ," 2,437.50 "," 16,275.75 "," 14,646.88 ", 150.88 ," 13,832.95 "," 3,304.46 ", 7 , 1 
14/02/2015," 1,011.31 ", 309.27 , 109.27 ," 1,110.05 ", 699.92 , 35.23 ," 2,823.18 "," 4,152.42 "," 2,749.39 ", 459.67 , 270.63 ," 1,871.16 "," 14,038.23 "," 12,119.27 ", 271.30 ," 12,055.80 "," 3,545.68 ", 7 , 1 
15/02/2015," 1,004.04 ", 285.55 , 182.01 ," 1,895.22 ", 634.80 , 29.58 ," 2,802.74 "," 3,959.09 "," 1,897.35 ", 402.81 , 182.90 ," 1,547.43 "," 12,942.05 "," 10,230.24 ", 240.40 ," 10,609.43 "," 4,214.10 ", 8 , 1 
16/02/2015, 998.17 , 288.39 , 134.64 ," 2,044.66 ", 634.04 , 28.99 ," 2,774.44 "," 4,022.24 "," 3,178.75 ", 554.48 , 234.54 ," 2,221.23 "," 15,753.22 "," 12,940.20 ", 207.94 ," 12,751.14 "," 4,363.42 ", 8 , 1 
17/02/2015, 999.95 , 314.73 , 48.42 , 654.85 , 419.95 , 31.72 ," 2,814.56 "," 4,363.24 "," 3,589.69 ", 679.44 , 362.52 ," 2,505.09 "," 16,468.95 "," 15,346.01 ", 177.89 ," 13,952.02 "," 2,832.14 ", 8 , 1 
18/02/2015, 994.53 , 338.22 , 159.23 ," 1,175.44 ", 417.58 , 34.06 ," 2,762.99 "," 4,402.69 "," 3,672.13 ", 640.21 , 268.81 ," 2,428.13 "," 16,557.06 "," 14,805.11 ", 195.35 ," 13,906.14 "," 3,387.88 ", 8 , 1 
19/02/2015, 990.48 , 339.76 , 185.40 ," 2,309.55 ", 655.65 , 33.70 ," 2,809.96 "," 4,215.46 "," 3,341.70 ", 617.29 , 315.08 ," 2,330.21 "," 16,625.13 "," 13,474.83 ", 193.95 ," 13,314.61 "," 4,829.61 ", 8 , 1 
20/02/2015, 992.57 , 310.11 , 128.68 ," 3,335.15 ", 830.72 , 31.46 ," 2,771.15 "," 3,970.25 "," 2,880.66 ", 575.61 , 226.34 ," 1,902.72 "," 16,219.97 "," 11,925.83 ", 235.07 ," 12,100.39 "," 5,855.03 ", 8 , 1 
21/02/2015, 994.03 , 291.22 , 43.24 ," 2,856.44 ", 516.94 , 24.88 ," 2,733.43 "," 3,289.66 "," 2,322.03 ", 358.99 , 320.10 ," 1,721.51 "," 13,913.51 "," 10,497.29 ", 219.20 ," 10,425.61 "," 5,046.84 ", 8 , 1 
22/02/2015, 996.20 , 292.40 , 150.54 ," 1,408.51 ", 543.28 , 25.17 ," 2,727.44 "," 3,786.26 "," 2,033.67 ", 350.67 , 244.19 ," 1,738.57 "," 12,904.63 "," 10,802.67 ", 177.47 ," 10,636.60 "," 3,660.28 ", 9 , 1 
23/02/2015, 995.07 , 298.44 , 176.53 ," 3,697.99 ", 292.22 , 25.77 ," 2,728.45 "," 3,751.20 "," 2,643.23 ", 559.34 , 334.82 ," 2,066.89 "," 16,372.89 "," 12,206.49 ", 205.54 ," 11,749.10 "," 5,820.84 ", 9 , 1 
24/02/2015, 994.77 , 334.76 , 190.41 ," 3,144.64 ", 529.28 , 25.22 ," 2,767.86 "," 4,154.85 "," 2,954.11 ", 456.00 , 266.13 ," 2,125.94 "," 16,507.34 "," 12,643.28 ", 232.57 ," 12,458.77 "," 5,485.20 ", 9 , 1 
25/02/2015, 997.45 , 328.85 , 80.40 ," 1,116.28 ", 752.64 , 25.30 ," 2,779.08 "," 4,369.65 "," 3,154.27 ", 565.13 , 267.70 ," 2,492.79 "," 16,285.59 "," 14,336.58 ", 195.48 ," 13,360.92 "," 3,568.61 ", 9 , 1 
26/02/2015, 993.98 , 327.92 , 104.45 ," 1,653.88 "," 1,106.95 ", 25.90 ," 2,782.60 "," 4,492.36 "," 3,161.18 ", 462.31 , 301.00 ," 2,231.79 "," 16,264.57 "," 13,399.64 ", 235.39 ," 13,130.25 "," 4,514.06 ", 9 , 1 
27/02/2015, 988.76 , 321.32 , 57.96 ," 1,422.99 ", 685.93 , 26.65 ," 2,789.17 "," 4,474.53 "," 3,340.38 ", 448.89 , 368.28 ," 2,329.08 "," 16,130.32 "," 13,963.75 ", 154.84 ," 13,382.04 "," 3,871.89 ", 9 , 1 
28/02/2015, 994.59 , 328.00 , 162.56 ," 1,848.08 ", 860.39 , 26.10 ," 2,726.02 "," 4,461.19 "," 1,852.29 ", 416.64 , 246.28 ," 1,599.42 "," 13,876.83 "," 11,006.11 ", 170.79 ," 11,055.55 "," 4,466.01 ", 9 , 1 
01/03/2015," 1,003.56 ", 310.46 , 204.61 ," 4,530.40 ", 382.22 , 20.09 ," 2,534.52 "," 3,880.24 ", 640.18 , 393.92 , 279.43 ," 1,625.83 "," 12,861.96 "," 7,745.08 ", 235.31 ," 9,074.69 "," 6,730.77 ", 10 , 1 
02/03/2015," 1,002.00 ", 341.93 , 191.43 ," 5,037.04 ", 683.38 , 22.72 ," 2,740.36 "," 4,230.02 "," 1,786.29 ", 516.66 , 338.47 ," 1,710.24 "," 15,912.95 "," 10,001.31 ", 273.51 ," 10,983.57 "," 7,616.96 ", 10 , 1 
03/03/2015, 998.31 , 382.38 , 162.24 ," 4,406.38 "," 1,053.64 ", 26.56 ," 2,728.16 "," 4,173.97 "," 1,939.63 ", 496.30 , 321.88 ," 1,796.52 "," 16,267.50 "," 10,645.53 ", 260.47 ," 11,134.57 "," 7,351.38 ", 10 , 1 
04/03/2015, 998.18 , 362.61 , 197.09 ," 3,780.89 ", 734.01 , 28.57 ," 2,754.91 "," 4,526.31 "," 2,263.10 ", 453.96 , 295.93 ," 1,804.67 "," 16,377.93 "," 11,666.10 ", 178.29 ," 11,802.95 "," 6,397.28 ", 10 , 1 
05/03/2015, 994.83 , 362.03 , 121.65 ," 1,679.41 ", 715.20 , 30.57 ," 2,770.59 "," 4,563.05 "," 3,245.56 ", 447.49 , 326.40 ," 2,195.91 "," 16,275.38 "," 13,759.54 ", 220.63 ," 13,222.60 "," 4,230.08 ", 10 , 1 
06/03/2015, 996.57 , 373.40 , 167.45 ," 1,249.24 ", 683.29 , 32.28 ," 2,764.26 "," 4,438.90 "," 3,420.61 ", 418.55 , 357.27 ," 2,125.07 "," 15,943.17 "," 13,843.46 ", 173.57 ," 13,167.40 "," 3,859.50 ", 10 , 1 
07/03/2015, 994.51 , 352.48 , 210.88 ," 2,526.18 "," 1,193.38 ", 22.95 ," 2,585.39 "," 4,132.52 "," 1,654.72 ", 308.79 , 268.04 ," 1,428.34 "," 13,625.38 "," 9,695.25 ", 235.02 ," 10,109.76 "," 5,568.41 ", 10 , 1 
08/03/2015, 994.82 , 326.18 , 191.14 ," 1,988.41 "," 1,405.96 ", 20.09 ," 2,446.28 "," 4,195.76 "," 1,178.64 ", 312.50 , 198.68 ," 1,389.75 "," 12,244.33 "," 8,659.17 ", 279.27 ," 9,522.93 "," 5,125.27 ", 11 , 1 
09/03/2015, 994.64 , 323.27 , 84.55 , 673.16 ," 1,237.72 ", 23.19 ," 2,482.07 "," 4,418.04 "," 3,118.04 ", 424.08 , 324.50 ," 2,224.66 "," 15,420.40 "," 13,425.32 ", 165.29 ," 12,666.90 "," 3,661.02 ", 11 , 1 
10/03/2015, 994.76 , 332.85 , 171.28 ," 1,338.57 "," 1,010.79 ", 22.90 ," 2,489.85 "," 4,351.80 "," 3,482.96 ", 387.21 , 233.00 ," 2,239.55 "," 15,893.31 "," 13,372.86 ", 209.40 ," 12,951.38 "," 4,104.16 ", 11 , 1 
11/03/2015, 989.94 , 332.18 , 57.54 ," 1,300.31 "," 1,194.33 ", 21.01 ," 2,500.49 "," 4,341.58 "," 3,276.48 ", 513.67 , 238.57 ," 2,205.01 "," 15,840.32 "," 13,288.39 ", 218.09 ," 12,837.23 "," 4,133.89 ", 11 , 1 
12/03/2015, 971.79 , 329.59 , 53.65 , 679.74 ," 1,090.39 ", 14.90 ," 2,502.85 "," 4,337.71 "," 3,501.44 ", 429.85 , 243.55 ," 2,291.85 "," 15,849.57 "," 14,026.15 ", 171.40 ," 13,063.71 "," 3,383.60 ", 11 , 1 
13/03/2015, 975.91 , 331.36 , 168.99 ," 1,446.16 ", 886.02 , 14.92 ," 2,489.07 "," 4,240.26 "," 3,093.13 ", 497.64 , 390.54 ," 2,247.55 "," 15,717.80 "," 13,216.97 ", 133.19 ," 12,567.65 "," 4,213.90 ", 11 , 1 
14/03/2015, 983.77 , 335.92 , 181.58 ," 1,335.76 ", 432.20 , 23.50 ," 2,488.84 "," 4,041.47 "," 2,649.65 ", 505.71 , 291.75 ," 1,877.30 "," 13,723.49 "," 11,774.19 ", 142.86 ," 11,562.97 "," 3,584.48 ", 11 , 1 
15/03/2015, 983.48 , 316.13 , 205.73 ," 2,246.16 ", 660.24 , 29.72 ," 2,428.20 "," 3,806.46 "," 1,337.01 ", 428.92 , 219.57 ," 1,388.61 "," 12,614.04 "," 9,502.33 ", 226.08 ," 9,389.20 "," 4,661.02 ", 12 , 1 
16/03/2015, 977.26 , 313.04 , 222.69 ," 3,289.79 "," 1,221.70 ", 24.60 ," 2,463.11 "," 3,611.98 "," 2,163.03 ", 551.52 , 371.07 ," 1,826.43 "," 15,537.81 "," 10,804.04 ", 191.55 ," 10,616.07 "," 6,420.16 ", 12 , 1 
17/03/2015, 980.34 , 326.81 , 130.34 ," 1,856.51 "," 1,369.43 ", 20.50 ," 2,474.51 "," 4,030.24 "," 2,686.63 ", 521.09 , 334.45 ," 2,021.84 "," 15,481.51 "," 12,125.60 ", 237.18 ," 11,734.31 "," 5,018.39 ", 12 , 1 
18/03/2015, 988.26 , 339.77 , 25.89 ," 1,203.97 "," 1,560.85 ", 21.84 ," 2,470.23 "," 4,453.11 "," 2,963.11 ", 503.40 , 249.50 ," 2,159.97 "," 15,381.97 "," 12,591.52 ", 249.35 ," 12,549.82 "," 4,390.08 ", 12 , 1 
19/03/2015, 986.94 , 341.92 , 60.92 , 439.33 ," 1,415.48 ", 25.30 ," 2,477.65 "," 4,523.94 "," 3,371.72 ", 394.33 , 381.15 ," 2,336.94 "," 15,489.16 "," 13,573.70 ", 217.92 ," 13,104.57 "," 3,651.03 ", 12 , 1 
20/03/2015, 993.81 , 335.14 , 70.98 , 276.83 ," 1,284.68 ", 27.97 ," 2,471.07 "," 4,492.28 "," 3,258.36 ", 546.14 , 335.70 ," 2,248.57 "," 15,346.06 "," 13,713.91 ", 250.44 ," 13,016.43 "," 3,325.10 ", 12 , 1 
21/03/2015, 997.75 , 330.57 , 176.65 ," 1,421.30 ", 784.49 , 27.79 ," 2,384.02 "," 4,380.16 "," 2,243.44 ", 393.01 , 290.31 ," 1,469.27 "," 13,510.63 "," 11,128.38 ", 192.20 ," 10,869.90 "," 4,028.86 ", 12 , 1 
22/03/2015," 1,001.85 ", 351.63 , 53.58 ," 1,427.93 ", 907.11 , 26.06 ," 2,208.42 "," 4,129.22 "," 1,647.32 ", 381.44 , 342.63 ," 1,381.25 "," 12,277.90 "," 9,889.66 ", 235.92 ," 9,747.65 "," 4,110.79 ", 13 , 1 
23/03/2015, 992.55 , 337.46 , 157.70 , 568.96 ," 1,179.08 ", 29.41 ," 2,278.73 "," 4,140.66 "," 3,216.49 ", 558.16 , 354.29 ," 2,070.06 "," 15,360.04 "," 13,454.57 ", 210.52 ," 12,264.09 "," 3,619.45 ", 13 , 1 
24/03/2015, 994.44 , 358.98 , 14.94 , 217.22 ," 1,218.84 ", 27.24 ," 2,274.90 "," 4,308.54 "," 3,611.99 ", 690.26 , 302.53 ," 2,161.33 "," 15,595.83 "," 14,145.07 ", 212.92 ," 13,047.02 "," 3,134.19 ", 13 , 1 
25/03/2015, 996.71 , 350.68 , 83.74 ," 1,340.55 "," 1,016.96 ", 23.91 ," 2,112.60 "," 4,035.63 "," 3,492.49 ", 483.91 , 257.25 ," 1,962.04 "," 15,448.91 "," 13,007.99 ", 228.03 ," 12,086.67 "," 4,069.79 ", 13 , 1 
26/03/2015, 991.72 , 350.06 , 133.18 ," 1,137.79 ", 401.26 , 21.74 ," 2,250.48 "," 4,124.50 "," 3,551.38 ", 774.89 , 445.98 ," 2,140.49 "," 15,656.08 "," 13,984.22 ", 215.25 ," 12,841.73 "," 3,481.73 ", 13 , 1 
27/03/2015, 992.23 , 355.81 , 88.89 ," 2,197.51 ", 794.28 , 25.45 ," 2,367.55 "," 4,170.22 "," 3,006.33 ", 452.02 , 292.94 ," 1,824.61 "," 15,549.93 "," 12,469.54 ", 251.52 ," 11,820.74 "," 4,747.10 ", 13 , 1 
28/03/2015, 986.95 , 331.11 , 178.76 ," 1,931.23 "," 1,202.38 ", 25.86 ," 2,361.29 "," 4,191.04 "," 1,510.04 ", 303.65 , 230.96 , 963.73 ," 13,278.65 "," 9,966.71 ", 156.60 ," 9,329.75 "," 4,887.25 ", 13 , 1 
29/03/2015, 986.07 , 319.64 , 230.74 ," 5,031.57 ", 411.70 , 22.41 ," 2,168.07 "," 2,828.45 ", 741.30 , 286.99 , 363.92 ," 1,000.57 "," 12,353.16 "," 6,679.45 ", 259.77 ," 7,025.37 "," 7,366.04 ", 14 , 1 
30/03/2015, 988.90 , 407.32 , 288.05 ," 5,158.30 ", 941.76 , 24.20 ," 2,325.88 "," 2,799.30 "," 1,195.23 ", 327.88 , 302.61 ," 1,341.05 "," 15,528.77 "," 9,141.04 ", 259.89 ," 7,989.33 "," 8,111.15 ", 14 , 1 
31/03/2015, 993.93 , 448.01 , 227.26 ," 6,120.56 ", 723.14 , 22.96 ," 2,431.50 "," 3,070.24 "," 1,039.00 ", 477.79 , 218.74 ," 1,470.75 "," 15,943.90 "," 8,873.23 ", 200.72 ," 8,489.28 "," 8,754.59 ", 14 , 1 
01/04/2015, 999.68 , 475.98 , 258.02 ," 5,854.05 "," 1,028.31 ", 32.90 ," 2,466.16 "," 3,110.51 ", 873.54 , 514.03 , 286.82 ," 1,356.24 "," 15,941.36 "," 8,801.39 ", 202.88 ," 8,320.48 "," 8,935.76 ", 14 , 2 
02/04/2015, 996.70 , 450.67 , 225.32 ," 4,223.39 ", 851.00 , 34.67 ," 2,537.46 "," 3,583.26 "," 1,444.14 ", 373.90 , 342.22 ," 1,418.96 "," 15,573.47 "," 10,274.13 ", 260.59 ," 9,357.71 "," 7,123.96 ", 14 , 2 
03/04/2015, 999.46 , 448.34 , 92.82 ," 1,810.05 "," 1,460.77 ", 37.14 ," 2,389.86 "," 3,647.91 "," 1,082.90 ", 340.20 , 322.58 ," 1,326.54 "," 12,231.01 "," 8,867.59 ", 200.31 ," 8,787.41 "," 5,171.17 ", 14 , 2 
04/04/2015," 1,005.81 ", 436.47 , 68.04 , 838.51 ," 1,008.91 ", 43.23 ," 2,229.52 "," 4,026.49 "," 1,439.00 ", 363.51 , 242.75 ," 1,410.36 "," 12,189.83 "," 10,274.78 ", 179.41 ," 9,468.89 "," 3,643.72 ", 14 , 2 
05/04/2015," 1,004.85 ", 406.95 , 27.04 , 747.04 ," 1,577.07 ", 36.58 ," 2,168.28 "," 3,624.45 ", 982.38 , 324.16 , 253.25 ," 1,312.97 "," 11,238.74 "," 8,887.80 ", 239.01 ," 8,412.23 "," 4,052.79 ", 15 , 2 
06/04/2015," 1,001.92 ", 401.46 , 14.85 , 819.30 ," 1,162.26 ", 38.09 ," 2,192.02 "," 3,744.67 "," 1,190.05 ", 332.63 , 180.46 ," 1,355.24 "," 11,497.96 "," 9,501.93 ", 180.16 ," 8,814.60 "," 3,618.34 ", 15 , 2 
07/04/2015, 999.46 , 399.53 , 90.86 ," 1,420.20 "," 1,664.59 ", 36.99 ," 2,312.07 "," 3,978.02 "," 2,368.02 ", 361.48 , 277.88 ," 1,868.63 "," 15,070.45 "," 11,894.98 ", 165.08 ," 10,888.22 "," 4,889.51 ", 15 , 2 
08/04/2015, 991.08 , 393.73 , 74.89 , 870.11 ," 1,310.71 ", 41.89 ," 2,414.63 "," 3,955.93 "," 3,114.07 ", 386.42 , 285.75 ," 2,176.72 "," 15,191.64 "," 12,936.32 ", 171.53 ," 12,047.76 "," 3,968.16 ", 15 , 2 
09/04/2015, 995.24 , 389.89 , 4.46 , 252.03 ," 1,827.70 ", 40.44 ," 2,465.63 "," 4,057.41 "," 3,088.33 ", 340.18 , 302.35 ," 2,166.99 "," 14,902.28 "," 12,818.52 ", 222.69 ," 12,118.53 "," 3,812.10 ", 15 , 2 
10/04/2015, 998.89 , 406.40 , 14.77 , 327.98 ," 1,882.75 ", 34.78 ," 2,466.74 "," 3,816.10 "," 3,120.90 ", 326.03 , 205.08 ," 1,932.34 "," 14,619.79 "," 12,394.61 ", 208.49 ," 11,662.11 "," 3,870.65 ", 15 , 2 
11/04/2015, 995.66 , 423.85 , 197.26 ," 3,286.80 "," 1,175.59 ", 29.68 ," 2,147.29 "," 3,416.47 "," 1,020.72 ", 268.60 , 269.99 ," 1,160.54 "," 12,708.69 "," 8,049.40 ", 169.25 ," 8,013.63 "," 6,378.83 ", 15 , 2 
12/04/2015," 1,001.80 ", 414.22 , 282.42 ," 2,655.09 "," 1,657.74 ", 29.90 ," 2,164.28 "," 2,737.96 ", 605.70 , 259.94 , 281.67 ," 1,097.35 "," 11,503.08 "," 6,908.23 ", 255.33 ," 6,865.23 "," 6,322.83 ", 16 , 2 
13/04/2015, 999.07 , 421.14 , 200.67 ," 3,714.86 "," 1,510.06 ", 31.05 ," 2,284.47 "," 3,125.75 "," 1,791.21 ", 337.51 , 305.75 ," 1,311.57 "," 14,821.80 "," 9,396.57 ", 258.96 ," 8,850.51 "," 7,182.60 ", 16 , 2 
14/04/2015, 981.22 , 430.70 , 257.76 ," 1,896.86 "," 1,752.10 ", 32.08 ," 2,388.55 "," 3,981.05 "," 2,477.78 ", 330.66 , 309.23 ," 1,448.08 "," 15,123.83 "," 11,217.54 ", 208.80 ," 10,626.13 "," 5,659.96 ", 16 , 2 
15/04/2015, 974.53 , 440.07 , 266.67 ," 2,781.97 "," 2,018.51 ", 30.40 ," 2,407.07 "," 3,701.86 "," 2,069.26 ", 307.04 , 357.60 ," 1,362.40 "," 15,069.22 "," 10,002.36 ", 270.94 ," 9,847.64 "," 6,869.75 ", 16 , 2 
16/04/2015, 977.99 , 430.86 , 123.90 ," 1,379.45 "," 1,534.67 ", 27.92 ," 2,454.65 "," 3,818.50 "," 2,750.80 ", 293.46 , 354.52 ," 1,796.47 "," 14,956.32 "," 11,918.59 ", 249.96 ," 11,113.88 "," 4,829.30 ", 16 , 2 
17/04/2015, 975.96 , 444.21 , 164.84 ," 1,377.56 "," 1,086.88 ", 25.43 ," 2,466.39 "," 3,704.26 "," 3,054.04 ", 269.97 , 332.36 ," 1,953.39 "," 14,796.36 "," 12,167.30 ", 190.30 ," 11,448.04 "," 4,407.24 ", 16 , 2 
18/04/2015, 988.78 , 491.69 , 91.21 , 864.53 ," 1,769.75 ", 26.00 ," 2,423.47 "," 3,195.40 "," 1,166.38 ", 230.28 , 253.73 ," 1,326.10 "," 12,547.75 "," 9,822.63 ", 257.20 ," 8,341.63 "," 4,485.69 ", 16 , 2 
19/04/2015, 998.94 , 437.21 , 61.11 , 443.69 ," 2,071.71 ", 26.06 ," 2,370.52 "," 3,154.67 ", 953.01 , 243.35 , 202.89 ," 1,349.77 "," 11,444.74 "," 8,868.47 ", 184.97 ," 8,071.32 "," 4,241.60 ", 17 , 2 
20/04/2015, 989.85 , 419.18 , 58.57 ," 1,129.89 "," 2,140.69 ", 30.71 ," 2,450.58 "," 3,648.06 "," 2,260.44 ", 289.96 , 335.36 ," 1,829.31 "," 14,573.56 "," 11,244.79 ", 212.61 ," 10,478.35 "," 5,104.25 ", 17 , 2 
21/04/2015, 981.55 , 420.00 , 192.82 ," 2,065.71 "," 2,156.26 ", 32.98 ," 2,429.92 "," 3,523.58 "," 2,214.65 ", 282.39 , 286.80 ," 1,703.16 "," 14,807.25 "," 10,392.80 ", 239.81 ," 10,153.69 "," 6,136.13 ", 17 , 2 
22/04/2015, 980.73 , 412.81 , 201.24 ," 1,042.57 "," 1,667.72 ", 33.58 ," 2,448.89 "," 3,656.49 "," 2,956.92 ", 280.24 , 258.18 ," 1,894.89 "," 14,574.09 "," 11,662.78 ", 154.32 ," 11,237.42 "," 4,596.83 ", 17 , 2 
23/04/2015, 975.32 , 419.60 , 52.92 , 512.80 ," 1,832.73 ", 33.55 ," 2,459.32 "," 3,634.41 "," 3,132.86 ", 205.69 , 292.32 ," 1,895.80 "," 14,477.25 "," 12,079.19 ", 227.59 ," 11,328.08 "," 4,119.25 ", 17 , 2 
24/04/2015, 985.43 , 420.78 , 50.82 , 491.64 ," 2,078.89 ", 33.95 ," 2,440.86 "," 3,564.18 "," 2,903.44 ", 209.75 , 331.46 ," 1,779.65 "," 14,350.60 "," 11,729.56 ", 213.81 ," 10,897.88 "," 4,392.96 ", 17 , 2 
25/04/2015, 990.50 , 410.42 , 245.78 ," 1,315.18 ", 983.80 , 30.60 ," 2,374.23 "," 3,075.46 "," 1,505.55 ", 149.40 , 259.67 ," 1,168.07 "," 12,370.58 "," 9,826.20 ", 165.72 ," 8,272.71 "," 4,235.95 ", 17 , 2 
26/04/2015, 987.89 , 400.74 , 35.44 , 743.36 ," 1,341.93 ", 31.47 ," 2,358.68 "," 3,152.49 ", 927.95 , 163.65 , 263.07 ," 1,182.51 "," 11,208.29 "," 9,087.83 ", 143.18 ," 7,785.27 "," 3,803.90 ", 18 , 2 
27/04/2015, 993.32 , 436.45 , 81.17 ," 1,227.53 "," 1,202.11 ", 34.23 ," 2,421.17 "," 3,285.85 "," 2,863.43 ", 213.80 , 323.01 ," 1,675.88 "," 14,725.71 "," 12,215.21 ", 165.01 ," 10,460.13 "," 4,297.82 ", 18 , 2 
28/04/2015, 995.84 , 491.89 , 149.15 ," 1,216.88 "," 1,112.08 ", 34.82 ," 2,446.04 "," 3,420.77 "," 3,290.84 ", 245.89 , 237.58 ," 1,814.18 "," 14,951.48 "," 12,473.72 ", 180.31 ," 11,217.72 "," 4,238.24 ", 18 , 2 
29/04/2015, 988.82 , 487.50 , 244.85 ," 1,307.79 "," 1,965.89 ", 33.24 ," 2,435.67 "," 3,477.82 "," 2,809.28 ", 304.34 , 280.31 ," 1,605.21 "," 14,926.28 "," 11,408.11 ", 222.60 ," 10,632.32 "," 5,308.41 ", 18 , 2 
30/04/2015, 991.05 , 478.48 , 116.84 ," 1,557.67 "," 1,371.14 ", 34.45 ," 2,430.72 "," 3,441.71 "," 2,987.38 ", 311.49 , 351.47 ," 1,563.77 "," 14,709.59 "," 11,664.26 ", 190.52 ," 10,735.06 "," 4,901.09 ", 18 , 2 
01/05/2015, 995.94 , 466.78 , 49.64 , 669.26 ," 1,075.88 ", 31.64 ," 2,411.45 "," 3,042.55 ", 935.88 , 261.18 , 272.28 ," 1,109.24 "," 11,204.01 "," 9,409.48 ", 196.63 ," 7,760.29 "," 3,561.41 ", 18 , 2 
02/05/2015, 995.84 , 458.20 , 33.80 , 337.06 ," 1,495.89 ", 32.00 ," 2,302.24 "," 2,987.68 ", 866.95 , 265.93 , 246.22 ," 1,148.24 "," 11,575.51 "," 9,709.10 ", 158.42 ," 7,571.03 "," 3,599.01 ", 18 , 2 
03/05/2015, 993.57 , 482.60 , 263.55 ," 1,952.80 ", 922.92 , 29.30 ," 2,110.54 "," 2,709.03 ", 759.99 , 247.73 , 325.17 ," 1,202.28 "," 11,366.96 "," 8,227.95 ", 189.22 ," 7,029.57 "," 4,969.92 ", 19 , 2 
04/05/2015, 983.91 , 483.54 , 251.80 ," 1,795.06 "," 1,441.81 ", 29.63 ," 2,391.79 "," 3,211.09 "," 2,503.54 ", 256.76 , 341.52 ," 1,399.33 "," 14,435.32 "," 10,946.94 ", 198.44 ," 9,762.52 "," 5,327.27 ", 19 , 2 
05/05/2015, 983.35 , 506.77 , 353.98 ," 3,700.86 "," 1,116.90 ", 28.63 ," 2,409.88 "," 3,390.80 "," 1,424.99 ", 262.79 , 373.68 ," 1,225.48 "," 14,983.17 "," 9,811.69 ", 201.78 ," 8,713.94 "," 7,064.17 ", 19 , 2 
06/05/2015, 972.48 , 512.96 , 346.51 ," 2,698.51 "," 1,513.57 ", 29.24 ," 2,422.39 "," 3,497.71 "," 1,413.99 ", 257.56 , 247.73 ," 1,154.94 "," 14,819.11 "," 10,260.88 ", 156.83 ," 8,746.58 "," 6,321.00 ", 19 , 2 
07/05/2015, 977.20 , 505.79 , 259.26 ," 2,755.50 "," 1,697.56 ", 29.26 ," 2,384.32 "," 3,472.97 "," 1,556.22 ", 253.57 , 313.84 ," 1,264.11 "," 14,831.03 "," 10,119.06 ", 196.27 ," 8,931.20 "," 6,538.42 ", 19 , 2 
08/05/2015, 982.14 , 509.80 , 54.27 , 389.58 ," 1,834.76 ", 29.48 ," 2,434.70 "," 3,328.81 "," 1,814.76 ", 265.68 , 284.58 ," 1,318.26 "," 14,423.84 "," 12,145.59 ", 169.53 ," 9,162.21 "," 4,084.61 ", 19 , 2 
09/05/2015, 979.98 , 517.86 , 348.51 ," 2,472.46 "," 1,184.24 ", 26.27 ," 2,390.30 "," 2,765.03 ", 672.16 , 309.19 , 268.58 ," 1,135.49 "," 12,369.88 "," 8,364.99 ", 170.35 ," 7,272.17 "," 5,797.91 ", 19 , 2 
10/05/2015, 990.70 , 525.86 , 202.07 ," 2,505.15 "," 1,889.68 ", 26.45 ," 2,052.86 "," 2,289.44 ", 467.75 , 235.93 , 290.27 ," 1,032.41 "," 11,181.24 "," 6,584.66 ", 296.86 ," 6,078.39 "," 6,430.18 ", 20 , 2 
11/05/2015, 984.16 , 514.93 , 270.30 ," 1,436.72 "," 1,969.21 ", 26.40 ," 2,419.18 "," 3,391.79 "," 1,395.93 ", 329.13 , 311.74 ," 1,425.06 "," 14,497.90 "," 10,822.04 ", 178.50 ," 8,961.08 "," 5,513.45 ", 20 , 2 
12/05/2015, 975.28 , 518.19 , 226.46 ," 2,623.38 "," 1,679.44 ", 25.84 ," 2,398.56 "," 3,322.75 "," 1,481.43 ", 368.84 , 298.07 ," 1,237.49 "," 14,761.93 "," 10,233.03 ", 188.11 ," 8,809.07 "," 6,346.66 ", 20 , 2 
13/05/2015, 983.55 , 527.96 , 316.57 ," 2,113.48 "," 1,849.13 ", 25.97 ," 2,405.92 "," 3,233.84 "," 1,269.67 ", 356.74 , 305.09 ," 1,352.25 "," 14,514.78 "," 10,235.98 ", 169.94 ," 8,618.42 "," 6,121.75 ", 20 , 2 
14/05/2015, 979.98 , 531.07 , 121.81 , 751.46 ," 1,514.79 ", 26.32 ," 2,408.58 "," 3,124.78 ", 810.52 , 269.92 , 263.88 ," 1,083.24 "," 11,353.80 "," 8,966.00 ", 249.56 ," 7,697.04 "," 4,189.31 ", 20 , 2 
15/05/2015, 978.01 , 523.97 , 41.02 , 541.11 ," 1,519.56 ", 27.00 ," 2,398.88 "," 3,271.63 "," 1,163.57 ", 237.55 , 395.36 ," 1,153.61 "," 12,828.45 "," 10,727.11 ", 187.27 ," 8,225.24 "," 4,026.04 ", 20 , 2 
16/05/2015, 982.24 , 519.94 , 187.59 ," 1,634.20 "," 1,439.50 ", 26.39 ," 2,378.81 "," 2,737.59 ", 550.36 , 271.70 , 240.84 ," 1,148.35 "," 11,927.10 "," 8,666.20 ", 146.79 ," 7,086.82 "," 5,030.70 ", 20 , 2 
17/05/2015, 985.06 , 531.01 , 219.30 ," 2,295.48 "," 1,557.14 ", 26.72 ," 2,259.48 "," 2,249.17 ", 421.88 , 253.02 , 262.97 ," 1,067.47 "," 11,056.76 "," 6,985.14 ", 223.05 ," 6,251.01 "," 5,877.68 ", 21 , 2 
18/05/2015, 991.64 , 539.76 , 178.26 ," 1,344.42 "," 1,896.94 ", 25.91 ," 2,366.55 "," 3,248.47 "," 1,601.29 ", 368.04 , 288.93 ," 1,377.00 "," 14,287.44 "," 10,868.22 ", 246.24 ," 8,961.35 "," 5,265.84 ", 21 , 2 
19/05/2015, 988.33 , 543.88 , 194.46 ," 2,428.32 "," 1,303.21 ", 25.83 ," 2,357.73 "," 3,185.69 "," 1,919.58 ", 310.97 , 276.61 ," 1,516.95 "," 14,882.22 "," 10,956.42 ", 200.39 ," 9,290.92 "," 5,760.65 ", 21 , 2 
20/05/2015, 989.20 , 504.81 , 116.22 , 859.75 ," 1,098.98 ", 26.00 ," 2,377.96 "," 3,196.50 "," 2,578.77 ", 299.02 , 341.43 ," 1,916.89 "," 14,651.99 "," 12,577.39 ", 214.00 ," 10,369.14 "," 3,936.39 ", 21 , 2 
21/05/2015, 987.00 , 493.35 , 75.31 , 698.89 ," 1,461.76 ", 25.79 ," 2,395.36 "," 3,109.03 "," 2,580.34 ", 299.45 , 395.19 ," 1,897.14 "," 14,637.19 "," 12,401.60 ", 182.55 ," 10,281.32 "," 4,137.29 ", 21 , 2 
22/05/2015, 986.75 , 520.61 , 103.90 , 325.94 ," 1,843.75 ", 26.95 ," 2,388.57 "," 2,846.31 "," 2,595.51 ", 313.91 , 292.04 ," 1,557.29 "," 14,378.54 "," 12,105.25 ", 185.99 ," 9,701.59 "," 4,099.94 ", 21 , 2 
23/05/2015, 999.33 , 541.55 , 85.18 , 646.01 ," 1,247.97 ", 26.99 ," 2,360.44 "," 2,590.38 "," 1,100.75 ", 317.34 , 246.28 ," 1,238.74 "," 12,106.04 "," 10,127.26 ", 161.51 ," 7,607.65 "," 3,793.31 ", 21 , 2 
24/05/2015," 1,009.96 ", 532.09 , 55.35 , 188.98 ," 1,492.50 ", 26.85 ," 2,277.58 "," 2,370.54 ", 880.19 , 282.49 , 263.19 ," 1,055.00 "," 10,458.84 "," 8,722.45 ", 146.09 ," 6,865.80 "," 3,568.93 ", 22 , 2 
25/05/2015," 1,012.68 ", 553.27 , 64.30 , 659.51 ," 1,181.26 ", 26.54 ," 2,341.08 "," 2,443.09 "," 1,038.19 ", 203.48 , 243.14 ," 1,093.65 "," 10,755.64 "," 8,850.86 ", 168.93 ," 7,119.49 "," 3,740.70 ", 22 , 2 
26/05/2015, 998.08 , 539.93 , 199.66 ," 1,268.32 "," 1,151.08 ", 26.94 ," 2,351.67 "," 2,855.09 "," 2,493.16 ", 238.71 , 357.56 ," 1,625.01 "," 14,100.73 "," 11,482.01 ", 222.33 ," 9,563.64 "," 4,541.57 ", 22 , 2 
27/05/2015, 993.03 , 505.43 , 132.20 ," 1,184.79 "," 1,228.36 ", 26.99 ," 2,347.02 "," 3,231.69 "," 2,761.28 ", 315.45 , 391.40 ," 1,652.04 "," 14,527.61 "," 11,982.70 ", 222.78 ," 10,307.48 "," 4,462.20 ", 22 , 2 
28/05/2015, 995.25 , 503.95 , 299.47 ," 2,422.26 "," 1,725.60 ", 26.50 ," 2,310.46 "," 3,182.01 "," 2,298.00 ", 352.22 , 342.79 ," 1,336.56 "," 14,607.20 "," 10,160.24 ", 250.27 ," 9,479.25 "," 6,315.82 ", 22 , 2 
29/05/2015," 1,000.35 ", 505.84 , 211.66 ," 1,349.86 "," 1,537.53 ", 25.84 ," 2,307.08 "," 3,257.92 "," 2,332.82 ", 343.81 , 332.22 ," 1,487.65 "," 14,346.13 "," 11,247.40 ", 173.26 ," 9,729.28 "," 4,963.31 ", 22 , 2 
30/05/2015, 999.99 , 507.57 , 312.59 ," 2,428.63 "," 1,466.28 ", 25.26 ," 2,014.11 "," 2,858.77 ", 629.69 , 336.38 , 319.40 ," 1,226.50 "," 12,341.73 "," 8,134.51 ", 224.74 ," 7,065.45 "," 6,059.72 ", 22 , 2 
31/05/2015," 1,005.39 ", 491.90 , 315.93 ," 2,459.91 "," 1,619.64 ", 25.34 ," 2,024.20 "," 2,683.30 ", 425.72 , 341.75 , 235.11 ," 1,082.98 "," 11,134.84 "," 6,739.66 ", 320.24 ," 6,557.95 "," 6,153.21 ", 23 , 2 
01/06/2015, 984.40 , 486.19 , 239.61 ," 1,471.50 "," 1,375.79 ", 24.00 ," 2,308.95 "," 3,204.03 "," 2,273.15 ", 302.34 , 322.59 ," 1,493.97 "," 14,137.28 "," 11,050.71 ", 145.51 ," 9,582.44 "," 4,904.08 ", 23 , 2 
02/06/2015, 960.05 , 513.46 , 308.44 ," 4,424.97 "," 1,607.91 ", 23.95 ," 2,252.81 "," 3,171.61 ", 888.84 , 304.33 , 306.30 ," 1,273.02 "," 14,854.73 "," 8,513.75 ", 231.06 ," 7,890.63 "," 8,145.07 ", 23 , 2 
03/06/2015, 929.50 , 528.64 , 279.52 ," 3,367.09 "," 1,851.19 ", 23.50 ," 2,268.59 "," 3,242.64 "," 1,129.13 ", 285.05 , 323.38 ," 1,395.81 "," 14,647.90 "," 9,150.42 ", 210.46 ," 8,321.22 "," 7,302.81 ", 23 , 2 
04/06/2015, 975.54 , 526.52 , 25.30 , 435.27 ," 2,274.02 ", 23.43 ," 2,242.58 "," 3,507.42 "," 1,118.67 ", 298.40 , 344.65 ," 1,172.98 "," 12,465.99 "," 9,731.73 ", 174.43 ," 8,340.04 "," 4,604.73 ", 23 , 2 
05/06/2015, 960.75 , 511.13 , 193.90 ," 1,404.89 "," 2,254.45 ", 23.09 ," 2,251.55 "," 3,478.48 "," 1,083.24 ", 296.23 , 390.30 ," 1,322.94 "," 13,651.53 "," 9,798.67 ", 192.65 ," 8,432.44 "," 5,738.50 ", 23 , 2 
06/06/2015, 958.66 , 506.21 , 252.42 ," 1,759.16 "," 1,885.64 ", 23.45 ," 2,234.85 "," 3,161.85 ", 808.13 , 273.64 , 315.16 ," 1,020.60 "," 12,232.64 "," 8,335.81 ", 278.64 ," 7,499.07 "," 5,700.68 ", 23 , 2 
07/06/2015, 965.61 , 484.47 , 198.08 , 947.59 ," 1,943.69 ", 23.23 ," 2,195.57 "," 2,929.33 ", 626.59 , 273.77 , 297.86 ," 1,036.15 "," 10,964.25 "," 7,875.00 ", 303.63 ," 7,061.42 "," 4,860.54 ", 24 , 2 
08/06/2015, 954.06 , 483.36 , 164.71 ," 1,480.16 "," 1,240.02 ", 23.84 ," 2,267.16 "," 3,447.65 "," 2,257.76 ", 309.91 , 285.68 ," 1,594.71 "," 14,306.88 "," 11,422.36 ", 175.75 ," 9,877.18 "," 4,631.83 ", 24 , 2 
09/06/2015, 939.21 , 475.67 , 117.97 ," 1,055.41 "," 1,019.60 ", 26.36 ," 2,286.75 "," 3,558.77 "," 2,554.32 ", 338.78 , 342.23 ," 2,009.28 "," 14,727.36 "," 12,534.69 ", 148.68 ," 10,747.91 "," 3,976.45 ", 24 , 2 
10/06/2015, 937.17 , 507.70 , 102.97 , 774.30 ," 1,493.83 ", 30.05 ," 2,269.70 "," 3,637.77 "," 2,638.71 ", 298.51 , 305.18 ," 1,963.50 "," 14,774.02 "," 12,403.20 ", 153.82 ," 10,808.19 "," 4,151.20 ", 24 , 2 
11/06/2015, 955.70 , 525.46 , 49.21 , 574.02 ," 1,795.02 ", 29.75 ," 2,259.85 "," 3,430.46 "," 2,773.22 ", 294.14 , 334.31 ," 1,946.47 "," 14,634.79 "," 12,216.85 ", 139.33 ," 10,704.14 "," 4,263.47 ", 24 , 2 
12/06/2015, 960.64 , 517.22 , 91.63 , 489.67 ," 2,081.52 ", 29.44 ," 2,243.93 "," 3,410.96 "," 2,841.09 ", 293.86 , 322.77 ," 1,838.50 "," 14,547.90 "," 11,885.45 ", 145.91 ," 10,628.34 "," 4,492.88 ", 24 , 2 
13/06/2015, 956.04 , 522.06 , 241.11 ," 1,191.24 "," 1,493.24 ", 26.53 ," 2,153.27 "," 3,247.31 ", 913.26 , 237.74 , 238.54 ," 1,112.24 "," 12,328.78 "," 9,403.54 ", 143.27 ," 7,663.82 "," 4,668.77 ", 24 , 2 
14/06/2015, 966.35 , 526.38 , 150.88 ," 1,076.01 "," 1,730.78 ", 26.60 ," 2,122.01 "," 2,949.15 ", 642.34 , 251.82 , 252.77 ," 1,117.01 "," 10,991.78 "," 8,034.45 ", 219.98 ," 7,082.33 "," 4,729.77 ", 25 , 2 
15/06/2015, 961.86 , 534.52 , 203.18 ," 1,011.50 "," 1,386.45 ", 28.47 ," 2,187.06 "," 3,381.84 "," 2,334.28 ", 290.54 , 297.98 ," 1,612.69 "," 14,108.11 "," 11,507.24 ", 85.83 ," 9,806.42 "," 4,423.96 ", 25 , 2 
16/06/2015, 959.05 , 543.28 , 145.42 , 803.14 ," 1,436.76 ", 29.23 ," 2,221.64 "," 3,436.82 "," 2,766.96 ", 279.08 , 242.52 ," 1,714.83 "," 14,366.51 "," 11,981.56 ", 95.28 ," 10,419.33 "," 4,159.40 ", 25 , 2 
17/06/2015, 953.44 , 551.30 , 321.56 , 940.17 ," 2,009.07 ", 29.79 ," 2,228.27 "," 3,356.70 "," 2,440.28 ", 292.83 , 281.88 ," 1,489.29 "," 14,409.63 "," 11,139.13 ", 121.43 ," 9,807.38 "," 5,087.21 ", 25 , 2 
18/06/2015, 946.86 , 550.96 , 341.20 ," 1,946.93 ", 913.77 , 28.95 ," 2,217.68 "," 3,571.51 "," 2,666.86 ", 222.93 , 347.05 ," 1,690.25 "," 14,568.46 "," 11,366.79 ", 161.99 ," 10,369.23 "," 5,075.72 ", 25 , 2 
19/06/2015, 945.68 , 543.89 , 375.95 ," 1,941.85 "," 1,090.34 ", 29.64 ," 2,084.41 "," 3,466.76 "," 2,636.44 ", 272.91 , 297.01 ," 1,529.31 "," 14,413.51 "," 11,005.69 ", 155.21 ," 9,989.82 "," 5,224.35 ", 25 , 2 
20/06/2015, 948.19 , 554.65 , 162.25 ," 1,327.76 "," 1,120.57 ", 30.17 ," 1,882.43 "," 3,132.97 "," 1,057.07 ", 237.33 , 268.90 ," 1,131.67 "," 12,065.44 "," 9,455.14 ", 139.94 ," 7,441.47 "," 4,412.48 ", 25 , 2 
21/06/2015, 956.99 , 556.53 , 111.21 , 664.90 ," 1,121.32 ", 28.17 ," 1,849.47 "," 3,153.07 ", 739.86 , 222.66 , 305.77 ," 1,130.86 "," 11,111.35 "," 9,214.23 ", 198.75 ," 7,095.93 "," 3,744.89 ", 26 , 2 
22/06/2015, 950.16 , 546.61 , 70.49 ," 1,245.81 ", 947.83 , 28.47 ," 1,912.95 "," 3,397.71 "," 2,675.31 ", 294.66 , 396.97 ," 1,847.29 "," 14,215.33 "," 11,951.60 ", 130.66 ," 10,127.92 "," 4,186.34 ", 26 , 2 
23/06/2015, 949.99 , 532.45 , 247.36 ," 1,752.60 "," 1,318.03 ", 31.04 ," 2,135.10 "," 3,629.03 "," 2,924.92 ", 280.78 , 172.97 ," 1,730.28 "," 14,624.09 "," 11,306.35 ", 153.97 ," 10,700.11 "," 5,004.45 ", 26 , 2 
24/06/2015, 916.27 , 530.94 , 288.81 ," 1,693.31 "," 1,383.73 ", 31.05 ," 2,251.18 "," 3,667.40 "," 2,694.89 ", 275.19 , 296.00 ," 1,712.05 "," 14,771.46 "," 11,405.84 ", 137.70 ," 10,600.70 "," 5,140.11 ", 26 , 2 
25/06/2015, 958.41 , 527.07 , 30.01 , 509.58 ," 1,832.97 ", 30.90 ," 2,249.94 "," 3,605.15 "," 2,974.51 ", 229.13 , 328.72 ," 1,859.65 "," 14,585.46 "," 12,213.23 ", 167.71 ," 10,918.36 "," 4,217.66 ", 26 , 2 
26/06/2015, 957.83 , 536.92 , 23.51 , 264.81 ," 1,645.00 ", 29.76 ," 2,236.75 "," 3,583.78 "," 3,085.56 ", 183.79 , 311.81 ," 1,805.25 "," 14,316.43 "," 12,383.47 ", 136.26 ," 10,895.14 "," 3,769.65 ", 26 , 2 
27/06/2015, 962.64 , 528.95 , 84.94 ," 1,570.15 "," 1,172.04 ", 27.84 ," 2,187.21 "," 3,619.27 "," 1,330.55 ", 154.07 , 256.81 ," 1,151.94 "," 12,262.34 "," 9,435.55 ", 202.42 ," 8,443.04 "," 4,603.36 ", 26 , 2 
28/06/2015, 967.70 , 528.56 , 116.92 , 638.81 ," 1,939.03 ", 27.38 ," 2,038.41 "," 3,373.05 ", 823.49 , 331.69 , 232.77 ," 1,097.23 "," 10,929.66 "," 8,235.34 ", 250.78 ," 7,663.86 "," 4,451.17 ", 27 , 2 
29/06/2015, 960.25 , 530.69 , 59.20 , 488.26 ," 1,897.53 ", 28.51 ," 2,071.81 "," 3,710.68 "," 3,041.03 ", 281.23 , 351.48 ," 1,814.15 "," 14,177.00 "," 11,732.41 ", 118.60 ," 10,918.90 "," 4,315.92 ", 27 , 2 
30/06/2015, 952.22 , 536.38 , 22.21 , 393.75 ," 2,166.59 ", 28.47 ," 2,051.28 "," 3,455.79 "," 3,327.57 ", 274.61 , 368.04 ," 1,934.07 "," 14,401.00 "," 11,818.80 ", 132.19 ," 11,043.33 "," 4,467.66 ", 27 , 2 
01/07/2015, 949.03 , 536.11 , 272.76 ," 1,237.07 "," 2,269.15 ", 24.03 ," 2,149.08 "," 3,469.07 "," 3,033.56 ", 339.28 , 367.66 ," 1,697.96 "," 14,828.64 "," 11,049.94 ", 177.19 ," 10,688.96 "," 5,655.81 ", 27 , 3 
02/07/2015, 947.45 , 543.66 , 383.77 ," 1,928.33 "," 2,218.44 ", 23.72 ," 2,149.55 "," 3,624.47 "," 2,690.94 ", 317.17 , 474.51 ," 1,695.61 "," 15,225.10 "," 10,694.85 ", 214.41 ," 10,477.74 "," 6,519.88 ", 27 , 3 
03/07/2015, 943.55 , 531.75 , 62.72 , 838.63 ," 1,973.70 ", 26.24 ," 1,823.16 "," 3,556.15 "," 2,792.19 ", 545.46 , 416.78 ," 1,855.52 "," 14,927.34 "," 12,052.68 ", 219.35 ," 10,572.47 "," 4,793.36 ", 27 , 3 
04/07/2015, 937.21 , 522.85 , 102.28 , 750.96 ," 2,044.48 ", 22.04 ," 1,579.43 "," 3,432.90 "," 1,981.27 ", 301.32 , 313.67 ," 1,459.28 "," 12,668.42 "," 9,770.97 ", 233.93 ," 8,754.20 "," 4,693.49 ", 27 , 3 
05/07/2015, 931.65 , 513.39 , 63.30 , 836.73 ," 1,818.75 ", 21.88 ," 1,602.16 "," 3,432.65 "," 1,420.76 ", 285.11 , 297.22 ," 1,065.80 "," 11,523.02 "," 8,804.49 ", 237.44 ," 7,806.48 "," 4,482.91 ", 28 , 3 
06/07/2015, 946.13 , 509.05 , 278.21 ," 1,705.28 "," 1,985.92 ", 22.85 ," 1,626.07 "," 3,734.44 "," 2,231.60 ", 378.10 , 427.82 ," 1,716.83 "," 14,658.64 "," 10,689.55 ", 211.03 ," 9,687.05 "," 5,875.26 ", 28 , 3 
07/07/2015, 944.52 , 511.70 , 158.06 , 889.80 ," 1,921.27 ", 22.69 ," 1,623.86 "," 3,802.41 "," 2,590.03 ", 470.79 , 304.50 ," 1,810.46 "," 14,981.99 "," 12,013.21 ", 183.60 ," 10,297.55 "," 4,752.54 ", 28 , 3 
08/07/2015, 937.44 , 510.38 , 469.41 ," 3,818.21 "," 1,325.06 ", 23.57 ," 1,567.28 "," 3,678.80 "," 2,056.79 ", 281.90 , 238.63 ," 1,319.83 "," 14,959.14 "," 9,346.88 ", 180.16 ," 8,904.60 "," 7,322.69 ", 28 , 3 
09/07/2015, 934.84 , 496.55 , 514.53 ," 3,884.20 "," 1,434.43 ", 24.28 ," 1,531.08 "," 3,498.00 "," 1,798.03 ", 317.63 , 249.71 ," 1,278.40 "," 14,699.71 "," 8,867.07 ", 170.61 ," 8,423.14 "," 7,538.54 ", 28 , 3 
10/07/2015, 938.69 , 493.63 , 238.88 ," 2,242.23 "," 2,093.51 ", 25.02 ," 1,604.22 "," 3,444.90 "," 2,164.34 ", 293.64 , 268.14 ," 1,316.54 "," 14,341.61 "," 9,767.40 ", 242.09 ," 8,823.64 "," 6,300.08 ", 28 , 3 
11/07/2015, 961.99 , 477.13 , 59.04 , 454.63 ," 2,020.39 ", 23.97 ," 1,639.00 "," 3,317.88 "," 1,790.72 ", 264.89 , 261.93 ," 1,195.34 "," 12,193.56 "," 9,659.89 ", 122.13 ," 8,207.82 "," 4,259.06 ", 28 , 3 
12/07/2015, 963.94 , 465.77 , 124.77 ," 1,060.89 "," 1,468.20 ", 23.69 ," 1,608.39 "," 3,499.05 "," 1,160.15 ", 259.43 , 178.10 , 995.28 ," 11,274.33 "," 8,620.84 ", 236.82 ," 7,522.29 "," 4,285.35 ", 29 , 3 
13/07/2015, 951.56 , 458.57 , 28.36 ," 1,159.61 ", 788.46 , 24.94 ," 1,639.96 "," 3,991.54 "," 2,633.18 ", 269.94 , 322.53 ," 1,733.21 "," 14,444.01 "," 12,467.95 ", 119.96 ," 10,267.82 "," 3,734.04 ", 29 , 3 
14/07/2015, 949.01 , 480.74 , 20.69 ," 1,201.63 "," 1,131.13 ", 25.25 ," 1,638.47 "," 3,989.93 "," 2,908.00 ", 264.71 , 286.60 ," 1,832.80 "," 14,815.70 "," 12,462.58 ", 156.15 ," 10,633.91 "," 4,095.04 ", 29 , 3 
15/07/2015, 959.00 , 474.42 , 72.26 , 480.99 ," 1,694.03 ", 23.97 ," 1,637.43 "," 3,890.09 "," 2,956.84 ", 421.17 , 318.77 ," 2,067.92 "," 14,785.97 "," 12,538.97 ", 161.08 ," 10,973.45 "," 4,023.44 ", 29 , 3 
16/07/2015, 959.31 , 469.58 , 78.06 , 319.79 ," 1,911.68 ", 24.61 ," 1,621.43 "," 3,725.10 "," 2,951.38 ", 417.81 , 395.27 ," 2,042.07 "," 14,821.53 "," 12,512.35 ", 162.86 ," 10,757.79 "," 4,158.31 ", 29 , 3 
17/07/2015, 950.69 , 462.34 , 393.81 ," 1,546.08 "," 1,755.04 ", 24.50 ," 1,599.30 "," 3,706.51 "," 2,761.54 ", 290.20 , 341.80 ," 1,869.27 "," 14,699.69 "," 11,005.15 ", 225.30 ," 10,226.82 "," 5,474.27 ", 29 , 3 
18/07/2015, 957.77 , 460.65 , 289.88 ," 1,324.59 "," 1,548.03 ", 22.82 ," 1,598.19 "," 3,662.90 "," 2,137.95 ", 274.43 , 253.76 ," 1,227.47 "," 12,223.74 "," 9,061.57 ", 207.10 ," 8,900.93 "," 4,857.50 ", 29 , 3 
19/07/2015, 954.08 , 435.04 , 174.11 ," 1,213.48 "," 1,133.24 ", 22.58 ," 1,618.65 "," 3,667.93 "," 1,652.07 ", 366.01 , 198.26 ," 1,048.77 "," 11,201.56 "," 8,681.20 ", 175.36 ," 8,353.43 "," 4,130.80 ", 30 , 3 
20/07/2015, 939.25 , 450.34 , 164.99 ," 1,152.84 "," 1,516.05 ", 24.81 ," 1,612.70 "," 3,998.38 "," 2,428.66 ", 519.34 , 363.18 ," 1,713.96 "," 14,327.05 "," 11,493.41 ", 148.23 ," 10,273.03 "," 4,611.47 ", 30 , 3 
21/07/2015, 922.91 , 460.21 , 389.93 ," 1,737.19 "," 1,798.98 ", 25.10 ," 1,550.04 "," 3,805.39 "," 2,753.78 ", 593.49 , 330.98 ," 1,693.97 "," 14,918.43 "," 10,992.66 ", 213.21 ," 10,396.67 "," 5,665.29 ", 30 , 3 
22/07/2015, 927.67 , 455.61 , 150.07 , 713.85 ," 1,725.09 ", 25.52 ," 1,572.35 "," 4,153.02 "," 2,887.94 ", 680.91 , 217.09 ," 1,864.77 "," 14,951.03 "," 12,362.26 ", 175.11 ," 11,158.99 "," 4,214.92 ", 30 , 3 
23/07/2015, 935.77 , 459.80 , 107.72 , 718.20 ," 1,384.74 ", 25.89 ," 1,593.60 "," 4,208.97 "," 2,859.04 ", 727.03 , 235.20 ," 1,829.41 "," 14,658.77 "," 12,448.49 ", 161.01 ," 11,218.05 "," 3,867.31 ", 30 , 3 
24/07/2015, 944.86 , 453.94 , 108.51 , 773.97 ," 1,762.30 ", 26.11 ," 1,814.57 "," 4,009.19 "," 2,618.55 ", 510.65 , 280.49 ," 1,729.46 "," 14,376.20 "," 11,731.72 ", 158.26 ," 10,682.42 "," 4,350.19 ", 30 , 3 
25/07/2015, 945.75 , 441.90 , 389.15 ," 4,222.53 "," 1,412.52 ", 23.27 ," 1,772.07 "," 3,051.40 ", 511.72 , 315.27 , 158.91 ," 1,052.26 "," 12,534.71 "," 6,510.85 ", 234.58 ," 6,702.72 "," 7,594.02 ", 30 , 3 
26/07/2015, 942.85 , 429.44 , 291.04 ," 2,560.01 "," 1,847.45 ", 23.68 ," 1,717.50 "," 2,864.46 ", 595.26 , 385.80 , 245.00 ," 1,013.73 "," 11,001.96 "," 6,303.81 ", 213.24 ," 6,576.75 "," 6,339.47 ", 31 , 3 
27/07/2015, 933.94 , 411.17 , 271.04 ," 2,580.57 "," 1,186.54 ", 24.47 ," 1,940.57 "," 3,987.90 "," 1,616.80 ", 265.11 , 233.80 ," 1,163.00 "," 14,088.59 "," 10,050.88 ", 229.00 ," 8,973.39 "," 5,641.53 ", 31 , 3 
28/07/2015, 926.41 , 415.95 , 388.74 ," 4,104.34 "," 1,281.72 ", 23.29 ," 1,904.78 "," 3,735.81 ", 994.00 , 323.45 , 244.50 ," 1,026.75 "," 14,462.24 "," 8,687.69 ", 168.45 ," 7,984.79 "," 7,384.95 ", 31 , 3 
29/07/2015, 929.84 , 412.10 , 493.58 ," 3,593.40 "," 1,236.77 ", 23.72 ," 1,864.60 "," 3,928.11 "," 1,228.77 ", 410.22 , 224.14 , 971.36 ," 14,359.36 "," 9,036.03 ", 204.02 ," 8,403.07 "," 6,913.55 ", 31 , 3 
30/07/2015, 934.23 , 427.19 , 551.28 ," 3,482.27 "," 1,578.32 ", 23.63 ," 1,844.93 "," 3,770.16 "," 1,241.92 ", 456.48 , 232.91 , 899.98 ," 14,350.76 "," 8,739.13 ", 213.17 ," 8,213.46 "," 7,229.82 ", 31 , 3 
31/07/2015, 937.51 , 407.32 , 287.14 ," 1,172.19 "," 1,961.29 ", 24.58 ," 1,954.53 "," 4,248.68 "," 1,394.92 ", 287.71 , 259.88 , 914.93 ," 13,898.77 "," 10,478.54 ", 192.25 ," 8,800.76 "," 5,049.91 ", 31 , 3 
01/08/2015, 925.95 , 387.01 , 47.38 , 614.00 ," 1,642.77 ", 23.56 ," 1,933.57 "," 3,878.01 ", 817.70 , 336.63 , 269.52 , 888.45 ," 11,875.70 "," 9,571.95 ", 169.57 ," 7,854.35 "," 3,910.19 ", 31 , 3 
02/08/2015, 918.91 , 415.15 , 41.35 , 381.58 ," 1,914.96 ", 23.00 ," 1,840.01 "," 3,445.54 ", 508.85 , 445.80 , 217.11 , 912.32 ," 10,835.22 "," 8,497.68 ", 211.93 ," 7,152.53 "," 3,912.06 ", 32 , 3 
03/08/2015, 920.73 , 411.58 , 239.69 ," 1,068.09 "," 2,118.93 ", 22.76 ," 1,946.26 "," 4,056.69 "," 1,649.69 ", 275.91 , 322.44 ," 1,144.71 "," 13,973.40 "," 10,546.98 ", 189.66 ," 9,073.25 "," 5,104.22 ", 32 , 3 
04/08/2015, 912.77 , 412.69 , 143.98 ," 1,598.97 "," 1,457.39 ", 23.30 ," 1,961.39 "," 4,045.81 "," 2,305.04 ", 293.46 , 236.01 ," 1,174.71 "," 14,361.49 "," 11,161.49 ", 212.86 ," 9,780.41 "," 4,785.10 ", 32 , 3 
05/08/2015, 919.59 , 428.50 , 110.18 , 567.93 ," 2,029.39 ", 23.41 ," 1,971.67 "," 4,097.85 "," 2,628.19 ", 257.23 , 262.54 ," 1,150.11 "," 14,135.31 "," 11,428.22 ", 185.99 ," 10,105.05 "," 4,341.53 ", 32 , 3 
06/08/2015, 923.70 , 429.20 , 186.03 , 846.17 ," 1,985.53 ", 23.08 ," 1,959.32 "," 4,013.33 "," 2,738.57 ", 245.14 , 348.35 ," 1,206.91 "," 14,430.39 "," 11,413.00 ", 236.35 ," 10,163.27 "," 4,742.06 ", 32 , 3 
07/08/2015, 921.10 , 421.24 , 34.19 , 720.91 ," 1,837.23 ", 22.26 ," 2,087.93 "," 4,021.69 "," 2,846.94 ", 269.59 , 286.85 ," 1,154.35 "," 14,159.42 "," 11,567.32 ", 209.24 ," 10,380.50 "," 4,243.78 ", 32 , 3 
08/08/2015, 929.22 , 421.35 , 82.22 ," 1,262.29 "," 1,636.36 ", 20.82 ," 2,078.94 "," 3,683.99 "," 1,381.73 ", 295.56 , 230.71 , 954.06 ," 12,386.82 "," 9,406.15 ", 179.40 ," 8,394.28 "," 4,582.98 ", 32 , 3 
09/08/2015, 930.39 , 410.26 , 25.48 , 684.95 ," 1,789.67 ", 19.70 ," 2,160.48 "," 3,568.83 ", 928.66 , 326.63 , 252.45 , 897.44 ," 11,226.13 "," 8,726.46 ", 203.89 ," 7,882.03 "," 4,112.89 ", 33 , 3 
10/08/2015, 924.71 , 424.35 , 31.25 , 758.18 ," 1,554.13 ", 22.64 ," 2,238.74 "," 3,981.24 "," 2,587.65 ", 257.51 , 373.18 ," 1,140.53 "," 14,053.03 "," 11,709.70 ", 177.45 ," 10,205.67 "," 4,088.43 ", 33 , 3 
11/08/2015, 916.41 , 436.06 , 41.77 , 816.41 ," 1,734.50 ", 23.13 ," 2,268.83 "," 3,988.30 "," 3,049.79 ", 254.18 , 319.54 ," 1,224.90 "," 14,476.42 "," 11,884.06 ", 218.70 ," 10,786.00 "," 4,287.81 ", 33 , 3 
12/08/2015, 924.72 , 429.15 , 64.56 , 720.54 ," 1,613.83 ", 22.67 ," 2,276.96 "," 4,032.80 "," 3,300.24 ", 275.27 , 287.19 ," 1,254.71 "," 14,451.48 "," 12,052.83 ", 186.60 ," 11,139.98 "," 4,062.66 ", 33 , 3 
13/08/2015, 927.53 , 404.68 , 336.69 ," 1,649.18 "," 1,904.70 ", 22.65 ," 2,428.24 "," 3,921.79 "," 2,862.09 ", 353.60 , 221.00 ," 1,095.23 "," 14,518.36 "," 10,628.10 ", 238.76 ," 10,660.96 "," 5,466.42 ", 33 , 3 
14/08/2015, 928.43 , 394.91 , 364.95 ," 1,820.34 "," 1,526.06 ", 22.82 ," 2,498.60 "," 3,766.46 "," 2,564.18 ", 286.40 , 256.10 ," 1,084.23 "," 14,274.85 "," 10,563.71 ", 210.72 ," 10,199.86 "," 5,313.61 ", 33 , 3 
15/08/2015, 928.70 , 390.64 , 84.55 , 643.89 ," 1,266.70 ", 21.73 ," 2,591.68 "," 3,356.33 "," 1,804.94 ", 316.46 , 198.08 , 897.11 ," 12,013.84 "," 10,019.05 ", 164.78 ," 8,966.52 "," 3,534.28 ", 33 , 3 
16/08/2015, 926.18 , 404.21 , 199.59 , 756.19 , 587.39 , 21.67 ," 2,629.71 "," 3,234.23 "," 1,556.19 ", 357.36 , 119.32 , 932.15 ," 11,082.65 "," 9,539.82 ", 154.27 ," 8,709.64 "," 3,014.54 ", 34 , 3 
17/08/2015, 930.49 , 433.68 , 252.54 ," 1,201.00 ", 519.05 , 22.21 ," 2,637.23 "," 3,921.61 "," 2,472.50 ", 314.46 , 302.22 ," 1,327.08 "," 14,032.19 "," 12,059.89 ", 179.51 ," 10,672.89 "," 3,661.19 ", 34 , 3 
18/08/2015, 941.69 , 456.00 , 264.27 , 945.54 , 982.66 , 22.28 ," 2,640.73 "," 3,988.66 "," 2,725.13 ", 241.73 , 267.16 ," 1,347.67 "," 14,199.48 "," 12,007.33 ", 193.59 ," 10,943.91 "," 3,879.59 ", 34 , 3 
19/08/2015, 944.26 , 451.28 , 78.42 , 289.61 ," 1,088.84 ", 22.24 ," 2,654.43 "," 4,325.90 "," 2,644.58 ", 240.50 , 250.36 ," 1,329.99 "," 14,124.70 "," 12,668.15 ", 173.25 ," 11,195.40 "," 3,125.02 ", 34 , 3 
20/08/2015, 948.29 , 455.94 , 39.72 , 235.64 ," 1,286.84 ", 22.14 ," 2,645.23 "," 4,363.30 "," 2,848.64 ", 223.66 , 217.14 ," 1,282.51 "," 14,205.27 "," 12,643.48 ", 204.45 ," 11,363.33 "," 3,205.70 ", 34 , 3 
21/08/2015, 953.42 , 417.01 , 89.27 , 439.69 ," 1,807.06 ", 22.15 ," 2,504.47 "," 4,336.31 "," 2,529.88 ", 256.20 , 237.86 ," 1,143.91 "," 13,984.00 "," 11,648.34 ", 174.25 ," 10,770.76 "," 3,966.46 ", 34 , 3 
22/08/2015, 951.22 , 385.47 , 230.47 , 989.86 ," 1,941.21 ", 19.00 ," 2,604.79 "," 4,066.44 "," 1,061.78 ", 240.60 , 203.32 , 864.95 ," 12,045.82 "," 8,884.71 ", 183.49 ," 8,838.56 "," 4,720.55 ", 34 , 3 
23/08/2015, 950.00 , 357.30 , 505.48 ," 2,585.23 "," 1,784.64 ", 18.77 ," 2,456.13 "," 3,311.03 ", 527.95 , 231.38 , 234.69 , 918.07 ," 11,139.10 "," 6,264.11 ", 295.56 ," 7,444.55 "," 6,436.10 ", 35 , 3 
24/08/2015, 952.27 , 347.03 , 347.79 ," 2,305.34 "," 1,250.97 ", 23.06 ," 2,580.44 "," 4,214.71 "," 2,011.26 ", 257.54 , 300.64 ," 1,129.90 "," 14,316.35 "," 10,412.65 ", 168.91 ," 10,193.84 "," 5,527.10 ", 35 , 3 
25/08/2015, 944.68 , 380.21 , 520.68 ," 3,659.53 "," 1,326.14 ", 23.43 ," 2,521.03 "," 3,847.52 "," 1,617.61 ", 250.59 , 274.07 ," 1,178.93 "," 14,678.06 "," 9,172.00 ", 248.16 ," 9,415.69 "," 7,128.73 ", 35 , 3 
26/08/2015, 950.21 , 401.17 , 544.41 ," 2,420.73 "," 1,877.60 ", 23.60 ," 2,526.52 "," 4,192.77 "," 2,063.02 ", 229.93 , 246.46 ," 1,126.79 "," 14,708.29 "," 9,865.78 ", 239.02 ," 10,139.03 "," 6,464.18 ", 35 , 3 
27/08/2015, 950.68 , 399.22 , 452.11 ," 2,029.19 "," 1,247.35 ", 23.44 ," 2,574.40 "," 4,084.91 "," 2,758.22 ", 231.30 , 341.94 ," 1,194.68 "," 14,738.78 "," 11,010.33 ", 160.03 ," 10,843.50 "," 5,443.93 ", 35 , 3 
28/08/2015, 954.95 , 403.11 , 231.02 , 712.67 ," 1,115.99 ", 22.73 ," 2,619.03 "," 4,146.02 "," 3,582.60 ", 356.56 , 325.33 ," 1,156.60 "," 14,380.44 "," 12,321.16 ", 176.66 ," 11,860.82 "," 3,765.80 ", 35 , 3 
29/08/2015, 947.94 , 388.71 , 139.83 , 297.55 ," 1,793.75 ", 18.58 ," 2,608.24 "," 4,157.32 "," 1,775.16 ", 328.58 , 246.60 ," 1,049.02 "," 12,235.06 "," 10,004.24 ", 188.80 ," 9,918.32 "," 3,832.97 ", 35 , 3 
30/08/2015, 951.56 , 357.94 , 52.31 , 401.86 ," 1,691.68 ", 18.50 ," 2,585.73 "," 3,821.88 "," 1,275.01 ", 320.47 , 240.98 , 942.72 ," 11,246.28 "," 9,100.75 ", 237.06 ," 8,945.80 "," 3,714.83 ", 36 , 3 
31/08/2015, 942.41 , 368.10 , 169.57 , 820.67 ," 1,736.74 ", 21.09 ," 2,592.82 "," 3,905.10 "," 3,339.47 ", 332.54 , 480.79 ," 1,175.70 "," 14,540.90 "," 11,814.26 ", 183.72 ," 11,345.64 "," 4,539.38 ", 36 , 3 
01/09/2015, 943.21 , 399.71 , 472.67 ," 1,762.51 ", 985.47 , 21.31 ," 2,609.25 "," 3,733.77 "," 3,625.28 ", 426.21 , 310.99 ," 1,269.05 "," 14,950.53 "," 11,730.24 ", 220.85 ," 11,663.56 "," 4,895.86 ", 36 , 3 
02/09/2015, 946.26 , 409.59 , 577.13 ," 1,457.84 "," 1,251.17 ", 21.17 ," 2,634.14 "," 4,030.07 "," 3,142.49 ", 232.59 , 244.67 ," 1,790.99 "," 14,687.84 "," 11,402.07 ", 215.49 ," 11,830.28 "," 4,907.82 ", 36 , 3 
03/09/2015, 951.57 , 408.59 , 535.96 , 634.86 , 953.58 , 21.02 ," 2,606.68 "," 4,122.85 "," 3,593.27 ", 371.93 , 300.04 ," 1,343.81 "," 14,586.33 "," 12,462.23 ", 158.70 ," 12,038.54 "," 3,805.64 ", 36 , 3 
04/09/2015, 957.05 , 448.26 , 369.49 ," 1,936.31 "," 1,283.42 ", 20.74 ," 2,624.56 "," 4,004.40 "," 2,883.69 ", 225.96 , 252.46 ," 1,372.08 "," 14,418.00 "," 10,829.04 ", 193.73 ," 11,110.69 "," 5,267.73 ", 36 , 3 
05/09/2015, 958.85 , 416.88 , 488.23 ," 4,058.52 ", 996.39 , 21.00 ," 2,529.47 "," 3,162.70 ", 641.05 , 237.10 , 243.66 , 961.24 ," 12,383.69 "," 6,840.95 ", 239.46 ," 7,531.56 "," 7,183.52 ", 36 , 3 
06/09/2015, 963.21 , 422.14 , 420.71 ," 4,771.39 "," 1,016.68 ", 21.00 ," 2,192.10 "," 2,482.34 ", 529.24 , 204.74 , 181.84 ," 1,053.39 "," 11,449.32 "," 5,240.82 ", 331.94 ," 6,461.81 "," 7,796.96 ", 37 , 3 
07/09/2015, 959.36 , 388.19 , 232.43 ," 1,456.42 ", 927.47 , 22.09 ," 2,633.80 "," 4,073.41 "," 2,946.97 ", 246.63 , 281.20 ," 1,228.80 "," 14,402.10 "," 11,786.03 ", 135.59 ," 11,129.60 "," 4,267.16 ", 37 , 3 
08/09/2015, 958.26 , 399.67 , 120.65 , 725.85 ," 1,228.82 ", 22.35 ," 2,629.48 "," 4,460.30 "," 3,577.40 ", 250.71 , 270.36 ," 1,262.34 "," 14,732.69 "," 12,657.71 ", 162.97 ," 12,180.23 "," 3,725.97 ", 37 , 3 
09/09/2015, 960.34 , 378.48 , 53.83 , 872.76 ," 1,482.46 ", 22.28 ," 2,633.03 "," 4,676.11 "," 3,434.11 ", 305.40 , 205.43 ," 1,231.64 "," 14,600.32 "," 12,191.57 ", 183.68 ," 12,280.29 "," 3,975.58 ", 37 , 3 
10/09/2015, 962.22 , 365.80 , 173.29 ," 1,356.06 "," 1,474.98 ", 23.28 ," 2,628.45 "," 4,534.84 "," 2,906.81 ", 263.18 , 251.46 ," 1,248.73 "," 14,631.21 "," 11,627.15 ", 173.53 ," 11,582.01 "," 4,607.09 ", 37 , 3 
11/09/2015, 977.28 , 363.52 , 335.18 ," 1,225.78 "," 1,437.77 ", 23.61 ," 2,618.23 "," 4,491.34 "," 2,793.07 ", 256.79 , 307.01 ," 1,130.15 "," 14,515.44 "," 11,517.06 ", 133.89 ," 11,289.58 "," 4,670.16 ", 37 , 3 
12/09/2015, 987.42 , 349.56 , 288.08 ," 1,221.36 "," 1,369.24 ", 20.97 ," 2,613.19 "," 4,274.93 "," 2,013.89 ", 234.48 , 186.55 , 879.95 ," 12,461.40 "," 9,582.99 ", 195.06 ," 10,016.43 "," 4,423.19 ", 37 , 3 
13/09/2015, 983.13 , 317.71 , 175.20 ," 1,185.93 "," 1,008.31 ", 20.10 ," 2,504.24 "," 4,334.97 "," 1,368.05 ", 225.75 , 138.31 , 818.10 ," 11,388.31 "," 9,019.22 ", 205.01 ," 9,251.11 "," 3,828.69 ", 38 , 3 
14/09/2015, 980.90 , 336.32 , 270.94 ," 2,005.03 ", 736.86 , 20.82 ," 2,578.63 "," 4,494.79 "," 2,682.60 ", 251.42 , 302.25 ," 1,177.00 "," 14,662.67 "," 11,650.15 ", 177.31 ," 11,184.44 "," 4,653.13 ", 38 , 3 
15/09/2015, 974.44 , 408.11 , 552.88 ," 3,222.53 ", 989.68 , 20.53 ," 2,613.57 "," 4,031.82 "," 2,037.01 ", 316.77 , 240.32 ," 1,128.56 "," 15,076.20 "," 10,311.36 ", 186.88 ," 10,127.74 "," 6,408.49 ", 38 , 3 
16/09/2015, 971.13 , 391.33 , 390.43 ," 2,785.06 ", 732.56 , 21.15 ," 2,601.41 "," 4,366.60 "," 2,499.90 ", 345.38 , 267.06 ," 4,227.07 "," 15,104.38 "," 11,196.65 ", 138.16 ," 14,040.35 "," 5,558.72 ", 38 , 3 
17/09/2015, 964.65 , 383.16 , 558.76 ," 4,077.99 ", 792.78 , 20.73 ," 2,489.23 "," 3,952.73 "," 2,026.97 ", 445.01 , 193.89 ," 1,163.60 "," 15,192.49 "," 9,763.26 ", 150.40 ," 10,077.54 "," 6,991.95 ", 38 , 3 
18/09/2015, 966.67 , 386.71 , 269.40 ," 1,802.15 "," 1,161.80 ", 21.46 ," 2,602.94 "," 4,439.63 "," 2,928.03 ", 249.14 , 228.67 ," 1,145.15 "," 14,591.51 "," 11,358.38 ", 190.63 ," 11,364.88 "," 4,836.84 ", 38 , 3 
19/09/2015, 968.81 , 369.83 , 113.49 , 799.23 ," 1,101.72 ", 20.45 ," 2,611.51 "," 4,581.10 "," 1,794.88 ", 226.99 , 243.74 ," 5,118.29 "," 12,357.71 "," 10,343.54 ", 180.90 ," 14,332.77 "," 3,617.27 ", 38 , 3 
20/09/2015, 965.07 , 344.07 , 271.57 ," 1,460.19 ", 947.73 , 20.60 ," 2,586.11 "," 4,388.82 ", 954.41 , 229.19 , 160.45 , 801.14 ," 11,364.26 "," 8,685.17 ", 292.79 ," 8,959.67 "," 4,169.69 ", 39 , 3 
21/09/2015, 963.39 , 331.49 , 188.05 , 743.27 ," 1,392.15 ", 23.28 ," 2,602.42 "," 4,563.57 "," 3,295.39 ", 419.73 , 283.84 ," 1,193.01 "," 14,487.05 "," 12,163.93 ", 154.64 ," 12,074.11 "," 3,925.47 ", 39 , 3 
22/09/2015, 964.17 , 349.68 , 284.11 ," 1,588.33 ", 692.52 , 23.13 ," 2,577.85 "," 4,296.17 "," 3,569.22 ", 394.86 , 254.40 ," 1,244.09 "," 14,954.43 "," 12,389.74 ", 201.57 ," 12,082.20 "," 4,156.33 ", 39 , 3 
23/09/2015, 973.08 , 383.02 , 22.74 , 789.93 , 668.89 , 24.81 ," 2,620.83 "," 4,618.32 "," 4,052.07 ", 543.98 , 319.47 ," 1,204.76 "," 14,943.34 "," 13,462.08 ", 254.11 ," 13,039.97 "," 3,181.94 ", 39 , 3 
24/09/2015, 966.83 , 395.40 , 366.22 ," 1,639.14 "," 1,039.36 ", 23.08 ," 2,575.66 "," 4,370.06 "," 3,248.50 ", 394.79 , 228.70 ," 1,179.44 "," 14,937.11 "," 11,892.61 ", 242.17 ," 11,768.45 "," 4,658.73 ", 39 , 3 
25/09/2015, 970.47 , 380.33 , 261.92 , 630.22 ," 1,089.53 ", 24.14 ," 2,458.51 "," 4,603.72 "," 3,654.10 ", 352.99 , 320.45 ," 1,173.29 "," 14,723.60 "," 12,742.28 ", 151.77 ," 12,242.61 "," 3,677.05 ", 39 , 3 
26/09/2015, 975.93 , 365.45 , 70.29 , 600.57 , 988.16 , 24.17 ," 2,311.27 "," 4,469.73 "," 2,711.57 ", 236.50 , 223.16 , 874.63 ," 12,634.68 "," 10,975.98 ", 193.04 ," 10,603.70 "," 3,247.72 ", 39 , 3 
27/09/2015, 978.59 , 332.04 , 71.52 , 883.99 ," 1,356.14 ", 23.60 ," 2,305.86 "," 4,386.49 "," 1,424.81 ", 239.31 , 200.76 , 833.63 ," 11,407.48 "," 9,096.15 ", 251.24 ," 9,190.10 "," 3,846.65 ", 40 , 3 
28/09/2015, 983.33 , 330.74 , 26.64 , 868.30 ," 1,362.42 ", 26.11 ," 2,319.04 "," 4,621.42 "," 3,451.52 ", 344.65 , 326.58 ," 1,233.34 "," 14,658.97 "," 12,401.94 ", 206.89 ," 11,969.97 "," 3,924.13 ", 40 , 3 
29/09/2015, 979.34 , 361.21 , 18.86 ," 1,699.24 "," 1,479.24 ", 26.06 ," 2,327.90 "," 4,465.70 "," 3,389.25 ", 347.69 , 310.73 ," 3,024.75 "," 15,063.19 "," 11,866.19 ", 226.09 ," 13,555.28 "," 4,874.69 ", 40 , 3 
30/09/2015, 969.88 , 349.57 , 27.06 ," 1,526.58 "," 1,664.32 ", 25.74 ," 2,327.01 "," 4,523.46 "," 3,577.39 ", 354.70 , 347.54 ," 1,253.49 "," 14,991.83 "," 11,774.11 ", 195.61 ," 12,036.04 "," 4,910.70 ", 40 , 3 
01/10/2015, 963.43 , 333.86 , 44.05 ," 1,076.41 "," 1,768.88 ", 21.26 ," 2,329.86 "," 4,441.63 "," 3,804.28 ", 285.96 , 311.03 ," 1,283.72 "," 14,703.59 "," 11,814.55 ", 234.92 ," 12,145.45 "," 4,518.92 ", 40 , 4 
02/10/2015, 964.52 , 311.34 , 56.31 , 746.91 ," 1,673.44 ", 22.02 ," 2,329.38 "," 4,480.76 "," 4,000.23 ", 253.18 , 330.96 ," 1,282.39 "," 14,449.18 "," 11,972.93 ", 206.84 ," 12,345.93 "," 4,105.50 ", 40 , 4 
03/10/2015, 969.28 , 311.40 , 67.94 , 609.19 ," 1,397.03 ", 21.85 ," 2,318.85 "," 4,242.68 "," 2,259.03 ", 257.79 , 259.36 , 901.11 ," 11,499.50 "," 9,425.70 ", 163.26 ," 9,979.47 "," 3,636.05 ", 40 , 4 
04/10/2015, 969.18 , 294.14 , 65.67 , 512.66 , 751.15 , 21.82 ," 2,306.51 "," 4,372.88 "," 2,086.08 ", 238.44 , 208.96 , 900.49 ," 11,263.95 "," 9,934.76 ", 211.64 ," 9,904.40 "," 2,823.56 ", 41 , 4 
05/10/2015, 973.77 , 297.39 , 238.55 , 980.85 ," 1,057.89 ", 21.22 ," 2,289.22 "," 4,375.55 "," 3,529.10 ", 308.33 , 296.85 ," 1,127.31 "," 14,387.69 "," 12,110.67 ", 138.13 ," 11,629.52 "," 3,866.52 ", 41 , 4 
06/10/2015, 978.58 , 346.09 , 621.58 ," 2,432.66 ", 585.01 , 20.99 ," 1,940.04 "," 4,264.91 "," 3,400.63 ", 559.06 , 264.50 ," 1,360.38 "," 15,231.73 "," 11,592.82 ", 150.73 ," 11,525.01 "," 5,249.42 ", 41 , 4 
07/10/2015, 980.68 , 371.13 , 428.60 ," 1,741.64 ", 390.25 , 21.40 ," 1,992.19 "," 4,271.44 "," 3,594.13 ", 631.28 , 306.83 ," 1,272.56 "," 15,175.81 "," 12,615.57 ", 228.15 ," 11,761.59 "," 4,240.52 ", 41 , 4 
08/10/2015, 989.18 , 408.54 , 163.04 , 457.07 , 465.77 , 22.00 ," 2,023.78 "," 4,541.42 "," 3,827.56 ", 788.63 , 300.67 ," 1,300.11 "," 15,119.64 "," 14,033.98 ", 215.48 ," 12,481.50 "," 2,806.27 ", 41 , 4 
09/10/2015, 987.43 , 389.23 , 69.67 , 389.94 , 629.60 , 23.02 ," 2,022.73 "," 4,623.11 "," 3,665.41 ", 733.85 , 288.27 ," 1,342.14 "," 14,827.28 "," 13,738.38 ", 204.20 ," 12,387.24 "," 2,777.16 ", 41 , 4 
10/10/2015, 990.14 , 361.65 , 271.60 ," 1,613.13 ", 756.96 , 22.64 ," 1,997.97 "," 4,507.41 "," 2,418.27 ", 279.96 , 206.85 , 935.82 ," 12,606.04 "," 9,964.72 ", 167.55 ," 10,139.43 "," 4,222.96 ", 41 , 4 
11/10/2015, 988.38 , 315.48 , 593.84 ," 2,788.70 "," 1,157.74 ", 20.21 ," 1,934.07 "," 4,253.63 ", 843.15 , 241.26 , 195.18 , 873.15 ," 11,578.65 "," 7,038.66 ", 312.11 ," 8,145.25 "," 6,059.52 ", 42 , 4 
12/10/2015, 994.23 , 287.11 , 517.76 ," 1,834.03 "," 1,248.71 ", 22.92 ," 1,979.30 "," 4,431.90 "," 2,935.66 ", 429.51 , 292.32 ," 1,419.63 "," 14,797.99 "," 11,197.80 ", 244.81 ," 11,195.99 "," 5,197.08 ", 42 , 4 
13/10/2015, 995.03 , 317.55 , 436.17 , 963.63 , 461.60 , 23.10 ," 1,991.52 "," 4,515.79 "," 3,733.44 ", 829.64 , 411.47 ," 1,706.04 "," 15,527.47 "," 13,666.34 ", 173.46 ," 12,776.43 "," 3,608.55 ", 42 , 4 
14/10/2015, 995.32 , 353.81 , 606.32 , 789.71 , 238.90 , 23.02 ," 1,961.04 "," 4,507.25 "," 3,871.84 "," 1,002.39 ", 309.53 ," 1,757.23 "," 15,872.44 "," 14,237.80 ", 233.38 ," 13,099.75 "," 3,316.61 ", 42 , 4 
15/10/2015, 993.29 , 366.71 , 574.77 ," 1,226.81 ", 142.64 , 23.49 ," 1,975.36 "," 4,237.05 "," 3,881.09 "," 1,108.85 ", 301.36 ," 1,734.70 "," 15,847.77 "," 13,903.97 ", 232.02 ," 12,937.06 "," 3,629.07 ", 42 , 4 
16/10/2015, 988.82 , 379.19 , 569.73 , 370.75 , 173.53 , 23.98 ," 2,031.25 "," 4,068.08 "," 4,236.36 "," 1,015.24 ", 359.63 ," 1,702.69 "," 15,490.21 "," 14,376.53 ", 223.46 ," 13,053.63 "," 2,865.63 ", 42 , 4 
17/10/2015, 990.40 , 365.59 , 189.33 , 108.25 , 314.23 , 23.90 ," 2,035.52 "," 3,885.81 "," 3,632.70 ", 487.78 , 203.80 ," 1,396.64 "," 13,120.78 "," 12,509.20 ", 150.91 ," 11,438.45 "," 2,195.50 ", 42 , 4 
18/10/2015, 989.49 , 339.55 , 130.80 , 193.17 , 304.49 , 23.31 ," 2,034.41 "," 3,838.55 "," 3,228.43 ", 308.50 , 204.17 ," 1,113.34 "," 12,039.09 "," 11,410.80 ", 219.25 ," 10,523.23 "," 2,184.98 ", 43 , 4 
19/10/2015, 993.14 , 346.76 , 50.38 , 183.13 , 387.35 , 21.84 ," 2,028.27 "," 4,202.69 "," 3,969.06 ", 849.32 , 328.84 ," 1,658.57 "," 15,210.82 "," 14,590.27 ", 200.01 ," 12,707.92 "," 2,311.44 ", 43 , 4 
20/10/2015," 1,003.90 ", 359.61 , 20.51 , 253.48 , 366.71 , 20.73 ," 2,030.23 "," 4,401.43 "," 3,901.57 ", 853.93 , 286.80 ," 1,654.97 "," 15,530.86 "," 14,890.44 ", 210.97 ," 12,842.13 "," 2,311.74 ", 43 , 4 
21/10/2015," 1,003.16 ", 359.94 , 405.71 , 792.17 , 439.13 , 23.29 ," 2,310.24 "," 4,488.93 "," 3,720.19 ", 761.65 , 331.11 ," 1,589.63 "," 15,484.03 "," 13,847.47 ", 217.92 ," 12,870.63 "," 3,354.50 ", 43 , 4 
22/10/2015, 999.41 , 331.24 , 567.16 ," 2,127.34 ", 383.11 , 24.60 ," 2,315.26 "," 4,329.27 "," 3,652.71 ", 501.08 , 289.58 ," 1,536.55 "," 15,581.42 "," 12,504.10 ", 194.18 ," 12,334.88 "," 4,722.45 ", 43 , 4 
23/10/2015," 1,000.42 ", 326.27 , 327.90 ," 1,593.45 ", 646.92 , 24.30 ," 2,348.00 "," 4,066.07 "," 3,541.71 ", 568.68 , 342.91 ," 1,502.82 "," 15,160.77 "," 12,592.90 ", 186.55 ," 12,027.28 "," 4,262.16 ", 43 , 4 
24/10/2015," 1,010.60 ", 326.33 , 429.55 , 959.50 , 680.11 , 23.56 ," 2,598.98 "," 4,248.41 "," 2,583.16 ", 352.60 , 212.33 ," 1,395.06 "," 12,977.05 "," 10,908.15 ", 207.39 ," 11,178.21 "," 3,642.00 ", 43 , 4 
25/10/2015," 1,013.66 ", 305.93 , 283.39 , 933.36 , 403.84 , 23.25 ," 2,657.07 "," 4,296.72 "," 1,870.64 ", 288.45 , 200.33 ," 3,314.40 "," 11,976.06 "," 10,355.81 ", 213.69 ," 12,427.28 "," 3,163.76 ", 44 , 4 
26/10/2015," 1,012.33 ", 318.05 , 221.92 ," 1,184.49 ", 808.96 , 24.71 ," 2,693.49 "," 4,321.79 "," 3,287.48 ", 560.98 , 285.53 ," 1,488.69 "," 14,986.70 "," 12,771.61 ", 222.90 ," 12,352.43 "," 3,855.99 ", 44 , 4 
27/10/2015, 997.81 , 319.22 , 277.06 ," 1,428.14 ", 671.41 , 24.16 ," 2,676.15 "," 4,349.05 "," 3,485.08 ", 612.21 , 334.76 ," 1,500.99 "," 15,455.03 "," 13,078.77 ", 204.71 ," 12,623.48 "," 4,052.55 ", 44 , 4 
28/10/2015, 983.84 , 297.52 , 394.08 ," 1,338.02 ", 527.00 , 23.74 ," 2,636.56 "," 4,400.19 "," 3,334.75 ", 783.72 , 283.78 ," 1,523.58 "," 15,583.21 "," 13,324.44 ", 222.38 ," 12,678.80 "," 3,847.99 ", 44 , 4 
29/10/2015, 993.63 , 312.19 , 65.41 , 294.63 , 315.80 , 23.78 ," 2,694.74 "," 4,417.64 "," 3,586.93 "," 1,135.42 ", 435.29 ," 1,602.68 "," 15,485.02 "," 14,809.41 ", 191.89 ," 13,437.40 "," 2,440.72 ", 44 , 4 
30/10/2015," 1,011.13 ", 323.55 , 240.67 , 642.19 , 360.96 , 23.93 ," 2,697.51 "," 4,346.69 "," 3,554.56 ", 901.10 , 216.03 ," 1,600.89 "," 15,259.61 "," 14,016.03 ", 240.50 ," 13,100.75 "," 2,818.45 ", 44 , 4 
31/10/2015," 1,012.94 ", 300.66 , 314.56 ," 1,637.99 ", 750.41 , 23.79 ," 2,654.43 "," 4,041.08 "," 2,118.70 ", 389.85 , 174.10 ," 1,101.66 "," 12,788.75 "," 10,086.08 ", 222.61 ," 10,305.72 "," 4,214.45 ", 44 , 4 
01/11/2015," 1,002.29 ", 270.55 , 31.54 , 837.57 , 907.25 , 24.61 ," 2,678.43 "," 4,108.07 "," 1,653.28 ", 399.50 , 183.69 , 887.66 ," 11,915.02 "," 10,138.90 ", 222.97 ," 9,726.94 "," 3,257.51 ", 45 , 4 
02/11/2015, 995.13 , 268.19 , 26.59 , 351.45 , 843.16 , 27.34 ," 2,669.51 "," 4,407.03 "," 3,275.06 ", 794.17 , 281.79 ," 1,562.21 "," 15,203.05 "," 13,982.15 ", 163.59 ," 12,707.98 "," 2,793.65 ", 45 , 4 
03/11/2015, 999.42 , 274.49 , 44.09 , 248.79 , 828.06 , 30.36 ," 2,678.67 "," 4,360.77 "," 3,885.39 ", 921.54 , 315.20 ," 1,740.15 "," 15,645.69 "," 14,524.94 ", 213.49 ," 13,586.51 "," 2,740.42 ", 45 , 4 
04/11/2015, 999.14 , 280.83 , 124.94 , 767.06 , 629.30 , 30.66 ," 2,665.01 "," 4,329.53 "," 3,780.07 ", 856.06 , 256.84 ," 1,740.16 "," 15,645.53 "," 14,124.55 ", 205.68 ," 13,370.83 "," 3,088.77 ", 45 , 4 
05/11/2015, 997.46 , 280.43 , 270.52 , 792.30 , 703.46 , 28.17 ," 2,665.63 "," 4,135.88 "," 3,724.36 ", 789.30 , 217.23 ," 1,566.23 "," 15,425.30 "," 13,659.34 ", 214.26 ," 12,881.40 "," 3,289.56 ", 45 , 4 
06/11/2015," 1,001.47 ", 277.24 , 410.21 ," 1,786.25 ", 420.67 , 25.26 ," 2,621.31 "," 4,166.77 "," 3,387.40 ", 511.92 , 219.38 ," 1,473.09 "," 15,235.26 "," 12,618.50 ", 195.10 ," 12,160.49 "," 4,140.47 ", 45 , 4 
07/11/2015," 1,000.20 ", 269.58 , 544.17 ," 2,994.27 ", 299.85 , 19.65 ," 2,556.79 "," 4,057.20 "," 1,763.66 ", 350.15 , 221.22 ," 1,125.67 "," 13,189.34 "," 9,351.26 ", 224.67 ," 9,853.46 "," 5,348.94 ", 45 , 4 
08/11/2015," 1,006.48 ", 242.30 , 500.52 ," 2,864.93 ", 710.06 , 18.81 ," 2,500.92 "," 3,393.00 "," 1,089.88 ", 326.66 , 267.59 , 951.56 ," 11,985.48 "," 7,910.32 ", 281.16 ," 8,262.01 "," 5,610.70 ", 46 , 4 
09/11/2015, 998.01 , 245.64 , 682.08 ," 5,265.48 ", 349.49 , 19.47 ," 2,489.36 "," 3,255.46 "," 1,953.30 ", 415.10 , 338.66 ," 1,133.61 "," 15,424.76 "," 9,128.06 ", 268.21 ," 9,246.84 "," 7,898.82 ", 46 , 4 
10/11/2015, 992.52 , 255.58 , 695.28 ," 5,491.35 ", 350.56 , 17.73 ," 2,506.04 "," 2,934.36 "," 2,095.71 ", 604.09 , 254.86 ," 1,134.47 "," 15,813.80 "," 9,276.78 ", 259.33 ," 9,274.68 "," 8,057.90 ", 46 , 4 
11/11/2015, 986.99 , 253.89 , 704.31 ," 3,363.72 ", 466.44 , 20.60 ," 2,579.45 "," 3,886.89 "," 2,973.95 ", 586.18 , 246.57 ," 1,404.22 "," 15,703.88 "," 11,169.72 ", 240.90 ," 11,430.68 "," 6,042.52 ", 46 , 4 
12/11/2015, 995.71 , 257.35 , 611.80 ," 2,389.26 ", 490.57 , 21.42 ," 2,584.92 "," 3,890.67 "," 3,401.01 ", 818.43 , 296.70 ," 1,486.92 "," 15,725.96 "," 12,234.76 ", 228.32 ," 12,181.94 "," 5,062.81 ", 46 , 4 
13/11/2015, 999.74 , 270.06 , 663.84 ," 4,047.43 ", 381.61 , 18.52 ," 2,569.11 "," 3,586.39 "," 2,603.21 ", 497.29 , 259.59 ," 1,416.59 "," 15,738.61 "," 10,645.98 ", 233.89 ," 10,672.59 "," 6,640.80 ", 46 , 4 
14/11/2015, 995.70 , 263.82 , 626.43 ," 5,469.61 ", 431.20 , 17.31 ," 2,583.57 "," 2,843.11 ", 807.51 , 390.10 , 266.24 ," 1,085.19 "," 13,554.89 "," 7,027.92 ", 225.96 ," 7,709.49 "," 8,070.31 ", 46 , 4 
15/11/2015, 994.84 , 253.57 , 229.90 ," 5,302.28 ", 221.70 , 16.20 ," 2,530.80 "," 3,319.80 ", 599.09 , 321.63 , 240.18 ," 1,107.48 "," 12,586.10 "," 6,832.46 ", 270.38 ," 7,878.80 "," 7,258.67 ", 47 , 4 
16/11/2015, 999.09 , 245.84 , 598.07 ," 3,939.08 ", 477.00 , 18.92 ," 2,573.65 "," 3,922.17 "," 2,264.83 ", 572.52 , 272.67 ," 1,255.16 "," 15,568.91 "," 10,555.06 ", 219.02 ," 10,588.32 "," 6,550.68 ", 47 , 4 
17/11/2015," 1,005.38 ", 263.91 , 520.60 ," 4,466.50 ", 159.10 , 18.78 ," 2,624.13 "," 4,051.73 "," 2,489.38 ", 612.00 , 301.43 ," 1,387.09 "," 16,047.39 "," 10,901.59 ", 204.43 ," 11,164.32 "," 6,735.70 ", 47 , 4 
18/11/2015, 999.08 , 259.99 , 602.41 ," 6,586.15 ", 445.01 , 18.42 ," 2,487.35 "," 3,119.44 "," 1,340.92 ", 593.61 , 338.00 ," 1,163.30 "," 16,013.35 "," 8,380.11 ", 277.89 ," 8,704.63 "," 9,249.05 ", 47 , 4 
19/11/2015," 1,001.65 ", 244.75 , 556.46 ," 6,369.04 ", 317.57 , 17.90 ," 2,593.41 "," 3,145.68 "," 1,456.73 ", 655.15 , 309.04 ," 1,125.29 "," 16,262.83 "," 9,019.93 ", 246.30 ," 8,976.25 "," 8,816.41 ", 47 , 4 
20/11/2015, 996.18 , 283.51 , 348.38 ," 2,934.69 ", 125.24 , 19.40 ," 2,629.01 "," 4,266.96 "," 3,064.78 ", 834.19 , 303.64 ," 1,449.07 "," 15,856.99 "," 12,448.99 ", 219.47 ," 12,244.01 "," 5,011.02 ", 47 , 4 
21/11/2015," 1,007.29 ", 385.63 , 395.19 ," 1,652.42 ", 293.09 , 27.40 ," 2,673.66 "," 4,638.14 "," 2,335.32 ", 460.08 , 277.82 ," 1,180.03 "," 13,696.86 "," 11,356.47 ", 285.69 ," 11,287.23 "," 4,038.83 ", 47 , 4 
22/11/2015," 1,009.76 ", 321.33 , 560.65 ," 2,510.71 ", 232.48 , 31.68 ," 2,612.65 "," 4,552.05 "," 1,489.50 ", 597.97 , 225.38 ," 1,077.83 "," 12,828.42 "," 9,524.94 ", 279.02 ," 10,330.00 "," 4,891.98 ", 48 , 4 
23/11/2015," 1,007.68 ", 304.35 , 318.20 ," 1,292.23 ", 279.14 , 31.98 ," 2,687.81 "," 4,580.51 "," 3,453.57 "," 1,154.20 ", 346.57 ," 1,707.72 "," 16,079.04 "," 14,189.78 ", 201.56 ," 13,583.81 "," 3,580.15 ", 48 , 4 
24/11/2015," 1,001.45 ", 311.74 , 593.61 ," 3,611.04 ", 388.85 , 32.55 ," 2,601.49 "," 3,935.70 "," 3,226.90 ", 780.30 , 210.39 ," 1,677.30 "," 16,804.07 "," 12,210.78 ", 255.20 ," 12,221.69 "," 6,149.64 ", 48 , 4 
25/11/2015, 998.93 , 325.58 , 266.56 ," 1,648.64 ", 119.47 , 32.01 ," 2,698.92 "," 4,255.17 "," 3,843.99 "," 1,244.32 ", 421.68 ," 1,766.02 "," 16,678.85 "," 14,644.44 ", 214.02 ," 13,808.42 "," 3,812.86 ", 48 , 4 
26/11/2015," 1,004.43 ", 325.43 , 267.23 , 756.03 , 243.40 , 32.51 ," 2,706.79 "," 4,388.02 "," 4,036.06 "," 1,382.68 ", 367.30 ," 1,765.04 "," 16,451.96 "," 15,185.56 ", 248.78 ," 14,278.59 "," 2,996.32 ", 48 , 4 
27/11/2015," 1,009.11 ", 320.71 , 621.25 ," 1,868.29 ", 334.44 , 31.41 ," 2,660.00 "," 4,199.50 "," 3,710.64 ", 835.18 , 265.76 ," 1,518.45 "," 16,195.77 "," 13,372.05 ", 215.21 ," 12,923.76 "," 4,450.97 ", 48 , 4 
28/11/2015," 1,007.82 ", 310.86 , 661.36 ," 4,357.74 ", 187.36 , 25.53 ," 2,569.54 "," 3,788.54 "," 1,754.71 ", 523.89 , 184.23 ," 1,139.55 "," 14,163.32 "," 8,957.13 ", 222.99 ," 9,776.23 "," 6,734.92 ", 48 , 4 
29/11/2015," 1,019.14 ", 286.14 , 547.05 ," 6,708.71 ", 79.91 , 20.00 ," 2,298.53 "," 2,532.99 ", 645.52 , 326.13 , 258.73 ," 1,115.97 "," 13,250.01 "," 5,914.58 ", 257.90 ," 6,919.14 "," 8,919.67 ", 49 , 4 
30/11/2015," 1,015.77 ", 303.42 , 455.27 ," 5,797.40 ", 124.29 , 21.51 ," 2,469.23 "," 3,259.00 "," 1,988.88 ", 659.66 , 298.90 ," 1,257.46 "," 16,257.09 "," 9,880.51 ", 234.93 ," 9,634.22 "," 8,016.55 ", 49 , 4 
01/12/2015," 1,026.32 ", 361.52 , 493.61 ," 3,808.46 ", 148.25 , 28.75 ," 2,635.41 "," 3,865.39 "," 3,134.34 ", 771.68 , 289.95 ," 1,573.94 "," 16,385.75 "," 11,935.72 ", 246.92 ," 11,980.75 "," 6,156.86 ", 49 , 4 
02/12/2015," 1,147.74 ", 405.05 , 605.41 ," 3,010.68 ", 116.89 , 30.80 ," 2,672.75 "," 3,938.73 "," 3,212.19 ", 733.48 , 293.85 ," 1,477.44 "," 16,300.29 "," 12,567.69 ", 234.38 ," 12,034.58 "," 5,610.42 ", 49 , 4 
03/12/2015," 1,144.32 ", 376.25 , 604.24 ," 2,282.34 ", 334.01 , 31.14 ," 2,685.08 "," 4,139.40 "," 3,646.97 ", 911.79 , 300.65 ," 1,464.52 "," 16,106.50 "," 12,886.29 ", 230.05 ," 12,847.76 "," 5,072.95 ", 49 , 4 
04/12/2015," 1,152.77 ", 354.56 , 629.97 ," 4,638.89 ", 191.34 , 23.85 ," 2,582.92 "," 3,626.38 "," 2,833.60 ", 574.35 , 265.17 ," 1,205.56 "," 16,077.14 "," 10,617.24 ", 210.16 ," 10,822.81 "," 7,256.55 ", 49 , 4 
05/12/2015," 1,159.30 ", 341.27 , 497.58 ," 5,528.77 ", 386.78 , 26.11 ," 2,529.01 "," 2,825.57 "," 1,152.68 ", 553.07 , 203.38 , 898.53 ," 13,827.72 "," 7,414.93 ", 299.91 ," 7,958.86 "," 8,143.20 ", 49 , 4 
06/12/2015," 1,159.43 ", 316.81 , 448.57 ," 5,815.00 ", 406.97 , 24.67 ," 2,479.82 "," 2,295.65 ", 881.45 , 286.97 , 194.22 ," 1,011.86 "," 12,799.70 "," 6,129.49 ", 240.82 ," 6,955.75 "," 8,365.67 ", 50 , 4 
07/12/2015," 1,165.60 ", 301.14 , 127.88 ," 1,171.25 ", 394.26 , 29.22 ," 2,677.45 "," 4,128.14 "," 3,522.48 ", 813.02 , 341.58 ," 1,514.63 "," 15,746.55 "," 14,053.30 ", 189.65 ," 12,655.71 "," 3,530.93 ", 50 , 4 
08/12/2015," 1,157.59 ", 314.59 , 299.64 ," 1,886.33 ", 444.93 , 28.63 ," 2,658.25 "," 4,436.76 "," 3,653.04 ", 693.20 , 320.40 ," 1,513.53 "," 16,250.09 "," 13,619.56 ", 251.17 ," 12,954.78 "," 4,452.10 ", 50 , 4 
09/12/2015," 1,155.74 ", 300.24 , 350.18 ," 2,558.40 ", 225.08 , 28.73 ," 2,627.88 "," 4,304.56 "," 3,454.86 ", 892.34 , 221.04 ," 1,344.27 "," 16,264.89 "," 13,131.51 ", 245.88 ," 12,623.92 "," 4,839.41 ", 50 , 4 
10/12/2015," 1,150.32 ", 319.69 , 362.26 ," 3,595.13 ", 402.49 , 31.15 ," 2,593.83 "," 4,030.76 "," 3,056.21 ", 750.33 , 277.07 ," 1,290.44 "," 16,492.78 "," 12,133.25 ", 235.81 ," 11,721.57 "," 6,138.10 ", 50 , 4 
11/12/2015," 1,160.71 ", 313.50 , 524.82 ," 4,823.60 ", 225.15 , 21.83 ," 2,606.61 "," 3,854.55 "," 2,484.68 ", 685.17 , 209.74 ," 1,276.56 "," 16,383.24 "," 10,809.93 ", 217.09 ," 10,907.57 "," 7,279.35 ", 50 , 4 
12/12/2015," 1,169.18 ", 295.15 , 504.41 ," 3,883.05 ", 260.99 , 33.60 ," 2,632.86 "," 3,688.15 "," 2,025.99 ", 463.59 , 257.72 , 933.66 ," 13,747.55 "," 9,099.38 ", 224.85 ," 9,744.25 "," 6,404.09 ", 50 , 4 
13/12/2015," 1,173.06 ", 271.70 , 253.64 ," 2,981.71 ", 242.60 , 37.14 ," 2,644.48 "," 3,740.99 "," 2,198.10 ", 501.77 , 199.08 , 979.70 ," 12,750.98 "," 9,273.36 ", 262.93 ," 10,065.04 "," 5,158.93 ", 51 , 4 
14/12/2015," 1,165.72 ", 267.90 , 194.75 , 914.85 , 285.52 , 43.42 ," 2,700.36 "," 4,562.58 "," 3,680.11 "," 1,196.79 ", 315.39 ," 1,523.27 "," 15,945.77 "," 14,550.89 ", 200.92 ," 13,663.13 "," 3,187.54 ", 51 , 4 
15/12/2015," 1,153.28 ", 294.82 , 162.23 , 682.46 , 196.81 , 43.48 ," 2,702.76 "," 4,452.50 "," 3,407.67 "," 1,393.56 ", 414.15 ," 1,629.42 "," 16,105.32 "," 15,064.10 ", 208.65 ," 13,585.91 "," 2,947.23 ", 51 , 4 
16/12/2015," 1,151.06 ", 293.51 , 543.08 ," 2,015.33 ", 124.05 , 43.27 ," 2,672.05 "," 4,271.43 "," 3,342.13 ", 923.07 , 306.05 ," 1,590.98 "," 16,091.78 "," 13,409.65 ", 224.11 ," 12,799.66 "," 4,476.36 ", 51 , 4 
17/12/2015," 1,153.27 ", 311.68 , 599.77 ," 2,991.19 ", 155.22 , 39.64 ," 2,638.50 "," 3,955.80 "," 3,026.21 ", 705.28 , 266.25 ," 1,402.61 "," 15,539.05 "," 11,793.22 ", 220.45 ," 11,728.41 "," 5,517.01 ", 51 , 4 
18/12/2015," 1,150.40 ", 305.88 , 609.31 ," 2,853.72 ", 135.68 , 37.75 ," 2,505.76 "," 4,161.51 "," 3,038.02 ", 575.64 , 255.34 ," 1,415.86 "," 15,116.92 "," 11,518.52 ", 233.83 ," 11,696.79 "," 5,348.07 ", 51 , 4 
19/12/2015," 1,155.25 ", 299.09 , 639.03 ," 2,632.48 ", 296.86 , 38.07 ," 2,571.27 "," 4,171.05 "," 1,738.09 ", 417.75 , 222.23 , 980.25 ," 13,023.90 "," 9,455.84 ", 192.42 ," 9,878.42 "," 5,283.02 ", 51 , 4 
20/12/2015," 1,154.45 ", 284.28 , 680.24 ," 3,163.58 ", 330.96 , 36.29 ," 2,571.70 "," 3,496.60 ", 835.40 , 416.31 , 194.05 , 904.72 ," 12,106.92 "," 7,932.43 ", 232.38 ," 8,224.73 "," 5,843.85 ", 52 , 4 
21/12/2015," 1,156.95 ", 282.74 , 637.75 ," 5,273.42 ", 144.16 , 34.68 ," 2,539.69 "," 3,664.13 "," 1,153.07 ", 421.35 , 257.29 ," 1,017.33 "," 14,464.64 "," 8,409.58 ", 286.60 ," 8,795.57 "," 7,786.98 ", 52 , 4 
22/12/2015," 1,153.17 ", 268.84 , 642.24 ," 6,060.51 ", 276.47 , 35.17 ," 2,430.36 "," 3,174.86 ", 809.74 , 461.13 , 300.88 ," 1,420.18 "," 14,283.97 "," 7,305.05 ", 254.16 ," 8,296.27 "," 8,737.27 ", 52 , 4 
23/12/2015," 1,155.67 ", 269.98 , 656.90 ," 5,249.69 ", 293.73 , 34.08 ," 2,534.53 "," 3,239.06 ", 744.36 , 471.73 , 345.55 ," 1,126.77 "," 13,685.16 "," 7,485.23 ", 239.64 ," 8,116.46 "," 8,005.59 ", 52 , 4 
24/12/2015," 1,157.68 ", 270.94 , 663.50 ," 3,907.41 ", 384.10 , 37.04 ," 2,519.96 "," 3,258.47 ", 415.08 , 353.39 , 182.74 , 773.95 ," 11,677.42 "," 6,722.67 ", 297.42 ," 7,320.84 "," 6,603.41 ", 52 , 4 
25/12/2015," 1,152.88 ", 269.29 , 621.80 ," 3,746.42 ", 333.97 , 32.68 ," 2,444.08 "," 2,577.35 ", 383.65 , 270.66 , 272.08 , 654.25 ," 10,782.04 "," 6,080.11 ", 246.42 ," 6,329.99 "," 6,429.11 ", 52 , 4 
26/12/2015," 1,161.51 ", 251.86 , 587.51 ," 5,796.06 ", 456.67 , 31.55 ," 2,096.38 "," 1,978.88 ", 391.83 , 360.77 , 306.61 , 751.38 ," 10,850.23 "," 4,010.29 ", 267.98 ," 5,579.23 "," 8,591.78 ", 52 , 4 
27/12/2015," 1,154.78 ", 256.47 , 546.20 ," 4,169.29 ", 402.36 , 31.11 ," 2,611.34 "," 2,545.54 ", 508.01 , 344.59 , 171.82 , 760.65 ," 11,120.71 "," 6,003.16 ", 169.23 ," 6,770.14 "," 6,732.04 ", 53 , 4 
28/12/2015," 1,153.08 ", 259.47 , 403.15 ," 1,666.41 ", 434.38 , 37.98 ," 2,632.53 "," 3,550.71 "," 1,623.56 ", 465.08 , 330.32 , 976.68 ," 12,617.93 "," 10,114.24 ", 222.41 ," 9,248.56 "," 4,284.78 ", 53 , 4 
29/12/2015," 1,164.99 ", 256.18 , 574.91 ," 2,684.56 ", 339.86 , 41.59 ," 2,619.06 "," 3,496.43 "," 1,847.11 ", 498.19 , 306.01 , 886.30 ," 12,742.09 "," 9,143.10 ", 282.30 ," 9,347.09 "," 5,368.10 ", 53 , 4 
30/12/2015," 1,174.73 ", 247.99 , 572.17 ," 2,624.46 ", 284.10 , 40.58 ," 2,624.10 "," 3,468.56 "," 1,552.85 ", 491.60 , 214.29 , 920.80 ," 12,820.44 "," 9,340.02 ", 224.98 ," 9,057.93 "," 5,158.32 ", 53 , 4 
31/12/2015," 1,145.10 ", 223.83 , 626.23 ," 2,697.21 ", 210.69 , 39.70 ," 2,593.95 "," 3,167.64 "," 1,188.29 ", 480.84 , 256.95 , 924.55 ," 12,131.16 "," 8,597.34 ", 254.67 ," 8,355.27 "," 5,199.71 ", 53 , 4 
