datetime;biomass;hydropower;windOffshore;windOnshore;photovoltaics;otherRenewable;nuclear;brownCcoal;hardCoal;fossilGas;hydroPumpedStorage;otherConventional;totalGridLoad;residualLoad;reverseHydroPumpedStorage
2015-01-01T00:00:00;1006;288;130;2028;0;33;2686;3965;806;317;391;1235;11210;9052;123
2015-01-01T00:15:00;1007;288;129;2023;0;33;2646;3951;833;316;373;1214;11119;8967;154
2015-01-01T00:30:00;1007;293;129;2040;0;33;2661;3912;806;314;427;1219;11145;8976;161
2015-01-01T00:45:00;1005;290;129;2037;0;33;2718;3860;775;279;335;1242;11127;8962;164
2015-01-01T01:00:00;999;295;129;2046;0;33;2772;3888;634;262;248;1247;11010;8835;88
2015-01-01T01:15:00;995;301;129;2075;0;33;2775;3881;577;209;290;1220;10923;8719;86
2015-01-01T01:30:00;995;300;129;2074;0;29;2774;3810;570;202;296;1208;10817;8614;86
2015-01-01T01:45:00;994;292;129;2102;0;28;2765;3744;571;198;246;1258;10705;8474;87
2015-01-01T02:00:00;1001;293;129;2135;0;27;2774;3766;555;208;244;1264;10650;8387;86
2015-01-01T02:15:00;1006;284;129;2134;0;23;2763;3729;553;203;207;1257;10547;8284;94
2015-01-01T02:30:00;1006;280;128;2129;0;22;2750;3688;552;200;174;1252;10438;8181;121
2015-01-01T02:45:00;1007;282;128;2143;0;22;2739;3635;568;198;162;1269;10329;8058;221
2015-01-01T03:00:00;1008;284;129;2150;0;22;2759;3565;583;209;90;1315;10258;7980;285
2015-01-01T03:15:00;1011;280;130;2125;0;22;2755;3517;587;206;70;1287;10178;7923;293
2015-01-01T03:30:00;1012;279;130;2122;0;22;2761;3496;586;206;74;1264;10119;7868;327
2015-01-01T03:45:00;1011;279;130;2156;0;22;2753;3497;584;200;54;1218;10063;7777;324
2015-01-01T04:00:00;1009;279;130;2184;0;22;2767;3532;579;209;88;1244;10035;7722;430
2015-01-01T04:15:00;1010;278;130;2181;0;22;2751;3540;633;208;88;1249;9963;7653;435
2015-01-01T04:30:00;1011;278;130;2150;0;22;2736;3528;630;207;83;1280;9980;7700;447
2015-01-01T04:45:00;1009;277;130;2129;0;22;2709;3516;620;207;88;1298;9958;7700;509
2015-01-01T05:00:00;1007;278;129;2201;0;22;2704;3460;552;212;241;1276;9940;7610;562
2015-01-01T05:15:00;1009;277;130;2187;0;22;2684;3399;552;213;236;1267;9867;7550;599
2015-01-01T05:30:00;1008;276;130;2171;0;22;2668;3344;552;213;60;1282;9795;7494;637
2015-01-01T05:45:00;1005;277;131;2154;0;22;2641;3272;561;214;229;1273;9670;7386;660
2015-01-01T06:00:00;1004;276;131;2183;0;22;2631;3155;577;214;29;1274;9472;7159;680
2015-01-01T06:15:00;1003;278;131;2236;0;22;2605;3118;599;218;185;1279;9446;7079;726
2015-01-01T06:30:00;1004;279;130;2346;0;22;2562;3077;599;218;19;1287;9477;7001;747
2015-01-01T06:45:00;1003;278;130;2403;0;22;2501;3054;600;218;182;1315;9455;6922;715
2015-01-01T07:00:00;1005;279;130;2406;0;22;2470;3025;626;215;190;1289;9487;6951;730
2015-01-01T07:15:00;1005;279;130;2437;0;22;2487;3010;625;218;20;1290;9488;6921;733
2015-01-01T07:30:00;1002;278;130;2479;0;22;2523;3013;625;221;186;1290;9540;6931;742
2015-01-01T07:45:00;1002;278;130;2489;0;22;2556;3015;615;221;188;1293;9584;6964;696
2015-01-01T08:00:00;1002;276;131;2465;0;22;2565;3083;598;219;189;1309;9626;7030;754
2015-01-01T08:15:00;999;276;131;2477;4;22;2574;3103;646;221;186;1374;9632;7020;778
2015-01-01T08:30:00;1000;278;132;2382;12;22;2569;3101;642;223;184;1330;9697;7171;572
2015-01-01T08:45:00;999;278;132;2359;37;22;2538;3118;645;226;192;1381;9838;7310;537
2015-01-01T09:00:00;1001;278;132;2335;85;22;2511;3201;595;219;18;1386;10061;7509;523
2015-01-01T09:15:00;1006;279;132;2385;143;22;2499;3195;596;222;175;1431;10245;7585;417
2015-01-01T09:30:00;1005;282;132;2402;217;22;2512;3196;595;225;19;1530;10448;7698;415
2015-01-01T09:45:00;1005;282;132;2380;328;21;2539;3208;601;226;175;1538;10652;7812;419
2015-01-01T10:00:00;1006;280;132;2420;406;21;2545;3195;634;218;44;1544;10804;7847;418
2015-01-01T10:15:00;1006;280;131;2469;473;21;2523;3187;645;221;44;1482;10971;7899;311
2015-01-01T10:30:00;1000;280;131;2540;557;21;2512;3176;639;224;44;1510;11157;7929;298
2015-01-01T10:45:00;996;282;132;2596;681;21;2503;3171;638;226;46;1529;11334;7926;273
2015-01-01T11:00:00;1000;284;132;2642;754;21;2485;3167;662;218;180;1511;11587;8058;214
2015-01-01T11:15:00;1006;289;132;2696;799;21;2484;3079;668;218;229;1485;11740;8113;149
2015-01-01T11:30:00;1004;290;132;2728;871;21;2490;3063;658;219;264;1453;11888;8157;138
2015-01-01T11:45:00;1003;283;132;2797;940;21;2490;3143;670;221;212;1466;11992;8124;208
2015-01-01T12:00:00;1003;287;132;2810;1031;21;2511;3127;688;219;192;1431;12072;8099;172
2015-01-01T12:15:00;1003;285;132;2901;1064;21;2526;3113;749;219;206;1408;12162;8066;236
2015-01-01T12:30:00;1003;284;132;2928;1072;21;2527;3114;752;219;161;1436;12175;8044;182
2015-01-01T12:45:00;1006;283;132;2937;1032;21;2555;3111;749;219;146;1504;12094;7993;300
2015-01-01T13:00:00;1003;283;132;2964;976;21;2593;3117;703;222;281;1414;12000;7929;186
2015-01-01T13:15:00;998;281;132;3032;914;21;2601;3091;707;221;223;1427;11888;7810;214
2015-01-01T13:30:00;1002;282;132;3015;833;21;2625;3100;704;220;196;1482;11838;7859;225
2015-01-01T13:45:00;1003;282;132;2967;778;22;2635;3110;698;221;268;1487;11801;7925;189
2015-01-01T14:00:00;1005;293;131;2890;704;22;2672;3151;675;223;329;1461;11789;8065;150
2015-01-01T14:15:00;1006;287;131;2873;616;22;2699;3142;666;222;304;1458;11709;8088;131
2015-01-01T14:30:00;1007;285;131;2831;526;22;2722;3154;663;221;373;1471;11685;8197;131
2015-01-01T14:45:00;1007;290;131;2803;434;22;2736;3176;661;225;171;1453;11590;8222;132
2015-01-01T15:00:00;1007;295;131;2777;325;22;2755;3190;628;229;471;1488;11657;8424;44
2015-01-01T15:15:00;1009;292;131;2785;219;22;2770;3294;616;240;497;1507;11677;8543;31
2015-01-01T15:30:00;1007;289;131;2832;134;22;2774;3408;622;241;458;1507;11675;8578;34
2015-01-01T15:45:00;1006;285;131;2932;69;21;2771;3497;620;259;238;1573;11725;8593;108
2015-01-01T16:00:00;1008;281;131;3045;30;21;2743;3558;618;267;259;1507;11822;8617;159
2015-01-01T16:15:00;1010;282;131;3201;13;21;2751;3630;668;268;227;1490;12064;8719;144
2015-01-01T16:30:00;1008;288;131;3342;6;21;2747;3717;682;273;237;1501;12426;8947;150
2015-01-01T16:45:00;1005;295;131;3471;1;21;2766;3774;702;278;504;1449;12804;9201;106
2015-01-01T17:00:00;1006;293;131;3557;0;21;2748;3731;695;285;312;1436;13154;9466;89
2015-01-01T17:15:00;1006;294;131;3667;0;21;2770;3773;706;301;287;1368;13379;9581;75
2015-01-01T17:30:00;1009;295;131;3808;0;21;2778;3765;704;305;466;1343;13534;9595;67
2015-01-01T17:45:00;1008;291;131;3881;0;21;2762;3696;704;304;533;1318;13558;9547;87
2015-01-01T18:00:00;1007;293;131;3972;0;21;2740;3568;676;291;399;1411;13612;9509;91
2015-01-01T18:15:00;1009;293;131;4060;0;22;2734;3584;674;281;355;1407;13604;9413;106
2015-01-01T18:30:00;1007;291;131;4122;0;22;2728;3589;670;282;315;1394;13589;9336;160
2015-01-01T18:45:00;1005;292;131;4191;0;22;2728;3547;671;282;251;1392;13501;9179;188
2015-01-01T19:00:00;1004;296;131;4289;0;22;2734;3492;633;284;458;1446;13497;9077;86
2015-01-01T19:15:00;1003;287;131;4338;0;22;2725;3426;618;285;385;1482;13485;9016;91
2015-01-01T19:30:00;995;289;131;4402;0;22;2708;3353;618;283;408;1479;13380;8847;116
2015-01-01T19:45:00;1000;287;131;4455;0;22;2695;3227;622;272;286;1459;13272;8686;121
2015-01-01T20:00:00;998;292;131;4547;0;22;2697;3154;621;279;448;1456;13169;8491;101
2015-01-01T20:15:00;997;293;131;4618;0;22;2641;3123;606;311;379;1452;12974;8226;109
2015-01-01T20:30:00;999;291;131;4691;0;22;2527;3105;605;311;236;1495;12721;7899;120
2015-01-01T20:45:00;997;292;131;4803;0;22;2478;2984;609;309;100;1459;12572;7639;130
2015-01-01T21:00:00;998;296;131;4870;0;22;2477;2884;589;306;361;1523;12552;7551;183
2015-01-01T21:15:00;999;296;131;4926;0;22;2450;2857;597;304;109;1561;12514;7458;152
2015-01-01T21:30:00;997;300;131;4975;0;22;2453;2802;613;298;252;1529;12473;7368;194
2015-01-01T21:45:00;997;296;130;5062;0;22;2462;2742;611;298;117;1478;12554;7363;138
2015-01-01T22:00:00;999;294;130;5133;0;22;2469;2624;578;321;682;1543;12791;7528;57
2015-01-01T22:15:00;999;293;131;5172;0;22;2451;2603;577;333;598;1486;12622;7319;58
2015-01-01T22:30:00;1000;292;130;5165;0;22;2442;2614;576;334;395;1532;12482;7188;95
2015-01-01T22:45:00;1002;293;129;5247;0;22;2387;2588;569;338;392;1524;12270;6895;216
2015-01-01T23:00:00;1001;289;126;5269;0;22;2351;2514;560;313;378;1570;12164;6769;85
2015-01-01T23:15:00;999;293;125;5355;0;22;2298;2501;550;304;368;1497;11953;6473;194
2015-01-01T23:30:00;1000;294;125;5465;0;22;2219;2477;550;302;344;1456;11755;6166;269
2015-01-01T23:45:00;1003;287;118;5500;0;22;2178;2370;551;295;346;1467;11606;5988;332
2015-01-02T00:00:00;1002;286;98;5529;0;22;2177;2303;577;313;379;1499;11259;5632;434
2015-01-02T00:15:00;1001;278;73;5467;0;22;2061;2269;562;293;307;1470;11306;5766;451
2015-01-02T00:30:00;997;277;68;5532;0;22;1991;2242;550;284;310;1491;11019;5419;496
2015-01-02T00:45:00;1001;282;67;5639;0;22;1936;2222;537;283;306;1518;10877;5172;629
2015-01-02T01:00:00;1002;290;67;5711;0;22;1912;2260;543;282;224;1630;10818;5040;766
2015-01-02T01:15:00;1001;279;69;5726;0;22;1810;2265;551;283;233;1649;10687;4892;847
2015-01-02T01:30:00;1001;282;69;5819;0;22;1751;2257;548;282;216;1628;10616;4729;862
2015-01-02T01:45:00;1000;278;71;5903;0;22;1676;2232;546;281;220;1465;10550;4576;679
2015-01-02T02:00:00;1000;294;71;5969;0;22;1691;2259;515;281;165;1492;10500;4460;499
2015-01-02T02:15:00;999;272;70;5949;0;22;1694;2274;498;282;146;1483;10451;4432;489
2015-01-02T02:30:00;999;277;70;5986;0;22;1666;2268;484;280;180;1475;10405;4349;506
2015-01-02T02:45:00;999;282;72;6062;0;22;1626;2219;479;281;118;1424;10380;4246;470
2015-01-02T03:00:00;1000;286;75;6112;0;22;1630;2198;478;280;75;1441;10383;4196;418
2015-01-02T03:15:00;999;287;77;6133;0;22;1624;2195;475;281;54;1457;10400;4190;430
2015-01-02T03:30:00;1000;276;83;6179;0;22;1611;2195;475;279;33;1483;10433;4171;478
2015-01-02T03:45:00;1002;285;90;6285;0;22;1602;2178;479;280;42;1477;10441;4066;524
2015-01-02T04:00:00;1000;279;85;6294;0;22;1602;2097;504;284;236;1523;10549;4170;583
2015-01-02T04:15:00;999;279;83;6326;0;22;1576;2091;523;283;34;1528;10567;4158;590
2015-01-02T04:30:00;999;287;81;6382;0;22;1565;2089;533;282;213;1488;10652;4189;575
2015-01-02T04:45:00;994;278;86;6385;0;22;1562;2122;540;280;230;1474;10701;4231;571
2015-01-02T05:00:00;995;272;91;6448;0;22;1598;2138;557;287;31;1491;10874;4336;633
2015-01-02T05:15:00;998;274;101;6471;0;22;1657;2129;607;289;197;1521;10883;4311;798
2015-01-02T05:30:00;997;279;95;6473;0;22;1732;2144;615;290;240;1619;10979;4412;930
2015-01-02T05:45:00;991;276;103;6393;0;22;1773;2183;627;292;262;1591;11128;4633;811
2015-01-02T06:00:00;993;276;121;6479;0;22;1787;2167;669;293;207;1539;11254;4655;739
2015-01-02T06:15:00;990;278;124;6493;0;22;1837;2179;682;296;34;1468;11426;4809;621
2015-01-02T06:30:00;994;280;126;6515;0;23;1883;2208;695;301;201;1510;11683;5042;481
2015-01-02T06:45:00;995;283;127;6371;0;27;1935;2215;704;299;39;1574;11956;5458;292
2015-01-02T07:00:00;994;282;125;6411;0;28;1961;2200;757;308;200;1728;12276;5740;318
2015-01-02T07:15:00;999;284;124;6435;0;32;1989;2211;797;309;42;1677;12464;5905;247
2015-01-02T07:30:00;1003;284;125;6428;0;34;2036;2228;828;315;153;1618;12759;6206;162
2015-01-02T07:45:00;1006;281;124;6421;0;34;2091;2281;880;321;336;1697;13081;6536;166
2015-01-02T08:00:00;1005;278;125;6466;0;34;2191;2407;933;319;225;1717;13319;6728;208
2015-01-02T08:15:00;1006;276;124;6548;6;34;2286;2498;987;319;100;1722;13568;6890;165
2015-01-02T08:30:00;1006;285;118;6601;12;34;2315;2550;1002;321;367;1639;13760;7030;116
2015-01-02T08:45:00;1005;292;113;6495;21;34;2389;2534;1005;318;397;1654;13937;7308;84
2015-01-02T09:00:00;1004;276;106;6486;35;34;2417;2584;1023;316;430;1645;14208;7582;117
2015-01-02T09:15:00;1004;273;87;6473;53;34;2418;2689;1040;322;460;1656;14365;7752;93
2015-01-02T09:30:00;999;271;83;6317;70;34;2451;2821;1042;323;357;1704;14520;8051;5
2015-01-02T09:45:00;999;272;92;6292;95;34;2523;2877;1040;324;344;1730;14620;8141;21
2015-01-02T10:00:00;999;272;101;6323;121;33;2525;2909;1044;323;299;1693;14816;8272;48
2015-01-02T10:15:00;1002;273;97;6276;151;33;2525;2955;1056;324;269;1696;14878;8354;47
2015-01-02T10:30:00;998;273;99;6302;181;33;2524;2997;1065;324;268;1716;15012;8430;26
2015-01-02T10:45:00;997;273;110;6335;214;34;2525;3018;1062;325;257;1664;15025;8367;37
2015-01-02T11:00:00;995;275;111;6340;247;34;2559;3045;1063;328;237;1674;15166;8469;114
2015-01-02T11:15:00;995;279;102;6339;293;34;2556;3069;1067;331;214;1655;15294;8560;7
2015-01-02T11:30:00;994;279;100;6367;337;34;2558;3105;1065;331;185;1644;15374;8571;6
2015-01-02T11:45:00;996;277;107;6346;387;34;2560;3140;1068;329;198;1649;15478;8639;4
2015-01-02T12:00:00;1001;278;108;6325;414;34;2560;3175;1070;328;328;1645;15473;8626;3
2015-01-02T12:15:00;1003;276;105;6301;422;34;2556;3179;1071;326;299;1578;15403;8576;3
2015-01-02T12:30:00;1005;276;100;6304;439;34;2562;3170;1071;326;278;1652;15370;8527;110
2015-01-02T12:45:00;1006;275;101;6299;452;34;2560;3098;1071;326;258;1553;15258;8407;48
2015-01-02T13:00:00;1004;275;106;6302;474;34;2567;3038;1069;325;284;1519;15250;8367;30
2015-01-02T13:15:00;1001;274;107;6360;487;34;2566;3005;1052;323;214;1489;15168;8214;39
2015-01-02T13:30:00;1002;275;106;6338;485;34;2562;2943;990;322;315;1505;15080;8151;48
2015-01-02T13:45:00;1003;275;112;6363;453;33;2569;2907;971;320;260;1533;14984;8056;97
2015-01-02T14:00:00;1002;276;121;6285;410;33;2567;2912;965;323;266;1507;14919;8104;75
2015-01-02T14:15:00;1006;279;122;6219;362;33;2542;2904;965;324;358;1510;14844;8142;100
2015-01-02T14:30:00;1007;280;121;6175;314;33;2540;2928;965;324;375;1565;14787;8177;107
2015-01-02T14:45:00;1006;280;121;6134;268;33;2539;3014;965;324;348;1629;14704;8182;218
2015-01-02T15:00:00;1006;280;122;6185;211;33;2545;3088;961;327;284;1595;14704;8186;133
2015-01-02T15:15:00;1002;279;121;6107;149;33;2554;3144;970;327;337;1617;14644;8267;155
2015-01-02T15:30:00;1003;278;122;6098;100;33;2553;3198;1006;327;297;1598;14591;8271;185
2015-01-02T15:45:00;1006;278;125;6104;56;33;2556;3239;1043;327;282;1588;14614;8330;178
2015-01-02T16:00:00;1006;279;126;6143;26;33;2567;3244;1055;322;302;1535;14668;8374;457
2015-01-02T16:15:00;1007;282;127;6092;12;33;2591;3260;1059;324;491;1515;14861;8630;285
2015-01-02T16:30:00;1009;285;125;6020;6;34;2632;3333;1062;327;418;1524;15078;8928;184
2015-01-02T16:45:00;1010;283;117;5972;2;34;2651;3390;1067;327;477;1523;15304;9214;72
2015-01-02T17:00:00;1009;282;120;5937;0;34;2640;3407;1093;336;459;1549;15628;9571;93
2015-01-02T17:15:00;1008;285;122;5913;0;34;2659;3412;1096;337;357;1551;15732;9697;97
2015-01-02T17:30:00;1009;286;126;5946;0;34;2666;3413;1100;339;389;1583;15779;9707;124
2015-01-02T17:45:00;1009;287;125;6014;0;34;2669;3415;1096;337;413;1569;15823;9684;153
2015-01-02T18:00:00;1011;287;121;6104;0;34;2671;3376;1088;334;450;1526;15858;9634;170
2015-01-02T18:15:00;1009;289;120;6135;0;34;2683;3350;1079;334;447;1492;15847;9592;107
2015-01-02T18:30:00;1008;288;116;6157;0;34;2682;3371;1063;335;427;1545;15803;9530;112
2015-01-02T18:45:00;1008;290;119;6139;0;34;2679;3350;1048;334;428;1501;15751;9493;116
2015-01-02T19:00:00;1006;293;121;6128;0;34;2692;3298;1015;331;495;1507;15634;9385;80
2015-01-02T19:15:00;1009;292;126;6069;0;34;2682;3276;1013;331;538;1488;15454;9260;95
2015-01-02T19:30:00;1010;291;128;6066;0;34;2678;3260;1013;330;493;1520;15295;9102;163
2015-01-02T19:45:00;1009;291;128;6018;0;34;2651;3119;1011;331;290;1592;15165;9020;169
2015-01-02T20:00:00;1008;295;129;6007;0;34;2670;2895;967;327;380;1509;14853;8718;96
2015-01-02T20:15:00;1006;289;128;5945;0;34;2681;2750;937;328;258;1524;14523;8451;97
2015-01-02T20:30:00;1006;286;128;5886;0;34;2617;2659;937;323;185;1508;14284;8270;99
2015-01-02T20:45:00;1009;289;128;5930;0;34;2572;2592;932;325;205;1588;14060;8003;157
2015-01-02T21:00:00;1009;284;124;5936;0;34;2527;2549;955;323;166;1520;13915;7855;230
2015-01-02T21:15:00;1009;287;110;5977;0;34;2513;2492;959;320;144;1468;13828;7741;227
2015-01-02T21:30:00;1010;288;116;5961;0;34;2501;2449;960;320;131;1471;13744;7667;272
2015-01-02T21:45:00;1010;289;126;6016;0;34;2484;2443;959;309;150;1481;13721;7578;294
2015-01-02T22:00:00;1007;297;124;5924;0;34;2505;2432;979;301;288;1476;13822;7774;173
2015-01-02T22:15:00;1006;294;124;5993;0;34;2494;2427;984;304;286;1449;13698;7582;239
2015-01-02T22:30:00;1007;290;128;6046;0;34;2513;2430;976;303;214;1436;13506;7333;352
2015-01-02T22:45:00;1005;290;127;6081;0;34;2167;2396;972;300;221;1463;12523;6315;547
2015-01-02T23:00:00;1005;300;120;6074;0;34;2154;2285;931;298;268;1433;12314;6121;366
2015-01-02T23:15:00;1006;300;123;6069;0;34;2110;2219;911;298;272;1364;12087;5895;430
2015-01-02T23:30:00;1003;298;111;6026;0;34;2108;2213;895;297;226;1239;11875;5739;421
2015-01-02T23:45:00;1002;296;122;5982;0;34;2078;2195;840;298;213;1254;11601;5498;634
2015-01-03T00:00:00;1000;307;126;5938;0;34;2092;2128;720;279;216;1243;11373;5309;451
2015-01-03T00:15:00;1000;294;127;5888;0;34;2052;2082;692;291;205;1234;11102;5087;450
2015-01-03T00:30:00;996;291;128;5891;0;34;2001;2044;683;282;136;1332;10951;4932;752
2015-01-03T00:45:00;996;290;128;5849;0;34;1972;2025;671;289;135;1432;10793;4815;877
2015-01-03T01:00:00;998;295;128;5771;0;34;2020;2057;647;310;147;1432;10692;4792;707
2015-01-03T01:15:00;998;293;127;5714;0;34;2002;2059;592;311;167;1350;10513;4672;658
2015-01-03T01:30:00;995;299;127;5689;0;34;1995;2067;563;310;181;1339;10404;4589;623
2015-01-03T01:45:00;997;298;128;5594;0;34;1981;2040;536;309;171;1357;10321;4600;658
2015-01-03T02:00:00;997;303;128;5534;0;34;1984;2075;502;312;94;1356;10248;4586;587
2015-01-03T02:15:00;998;297;128;5470;0;34;1971;2071;501;311;66;1355;10123;4524;568
2015-01-03T02:30:00;1002;315;128;5320;0;34;2007;2076;501;313;188;1344;10091;4643;486
2015-01-03T02:45:00;1002;312;128;5281;0;34;2033;2070;500;302;201;1298;10078;4670;452
2015-01-03T03:00:00;1000;312;128;5214;0;34;2101;2045;488;291;190;1340;10067;4725;420
2015-01-03T03:15:00;999;309;128;5105;0;34;2150;2040;481;270;218;1397;10048;4815;435
2015-01-03T03:30:00;999;307;128;5075;0;34;2202;2048;481;268;217;1271;10020;4817;396
2015-01-03T03:45:00;1001;306;127;5012;0;34;2220;2061;483;269;222;1222;10082;4943;337
2015-01-03T04:00:00;999;296;128;4980;0;34;2221;2074;481;269;123;1226;10136;5028;312
2015-01-03T04:15:00;994;290;128;4919;0;34;2262;2114;484;270;117;1221;10100;5052;361
2015-01-03T04:30:00;992;290;128;4940;0;34;2290;2243;489;270;90;1195;10127;5059;424
2015-01-03T04:45:00;992;294;128;4940;0;34;2278;2377;494;268;79;1204;10150;5082;539
2015-01-03T05:00:00;991;296;128;4962;0;34;2326;2406;492;257;9;1308;10225;5135;504
2015-01-03T05:15:00;992;294;128;4988;0;34;2309;2403;494;257;2;1373;10161;5045;613
2015-01-03T05:30:00;989;297;128;5036;0;34;2293;2392;492;257;2;1303;10166;5001;531
2015-01-03T05:45:00;989;294;128;5009;0;34;2364;2349;497;256;3;1309;10370;5233;479
2015-01-03T06:00:00;991;293;128;5091;0;34;2444;2321;499;255;6;1336;10430;5211;565
2015-01-03T06:15:00;990;294;128;5192;0;34;2425;2313;495;262;8;1353;10463;5142;537
2015-01-03T06:30:00;992;299;128;5249;0;34;2408;2321;498;263;2;1413;10590;5212;502
2015-01-03T06:45:00;994;301;128;5281;0;34;2412;2320;502;265;5;1436;10718;5309;483
2015-01-03T07:00:00;993;296;128;5308;0;34;2378;2374;491;267;2;1402;10846;5410;625
2015-01-03T07:15:00;994;300;128;5317;0;34;2406;2428;487;268;2;1404;11052;5607;479
2015-01-03T07:30:00;992;302;128;5360;0;34;2460;2439;492;269;3;1407;11244;5756;413
2015-01-03T07:45:00;994;295;128;5449;0;34;2512;2468;493;268;70;1504;11454;5877;517
2015-01-03T08:00:00;996;296;128;5571;0;34;2541;2534;507;291;4;1472;11710;6011;532
2015-01-03T08:15:00;997;302;128;5628;7;34;2570;2547;539;295;3;1441;11863;6100;502
2015-01-03T08:30:00;996;299;128;5609;22;34;2577;2562;546;294;4;1380;12018;6259;407
2015-01-03T08:45:00;995;299;127;5661;45;34;2617;2619;554;299;23;1306;12257;6425;255
2015-01-03T09:00:00;993;313;125;5717;82;34;2657;2691;615;310;77;1347;12540;6616;173
2015-01-03T09:15:00;995;313;124;5741;130;34;2661;2852;616;310;117;1287;12671;6677;184
2015-01-03T09:30:00;997;314;123;5738;177;34;2644;2937;665;310;78;1285;12964;6927;117
2015-01-03T09:45:00;997;306;121;5732;220;34;2634;3021;713;309;297;1313;13160;7089;103
2015-01-03T10:00:00;997;312;118;5653;264;34;2610;3146;735;312;203;1305;13323;7288;112
2015-01-03T10:15:00;997;313;119;5606;304;34;2618;3203;734;311;125;1398;13462;7433;109
2015-01-03T10:30:00;997;309;119;5671;338;34;2605;3248;726;312;178;1354;13546;7418;121
2015-01-03T10:45:00;999;306;118;5694;373;34;2597;3291;708;311;160;1363;13650;7466;129
2015-01-03T11:00:00;997;306;120;5711;410;34;2596;3326;703;302;200;1316;13792;7552;206
2015-01-03T11:15:00;996;308;128;5697;429;34;2594;3361;701;295;273;1357;13938;7684;199
2015-01-03T11:30:00;996;315;128;5688;431;34;2620;3369;688;298;332;1399;14099;7852;130
2015-01-03T11:45:00;992;314;127;5632;430;34;2711;3377;683;299;358;1420;14192;8003;103
2015-01-03T12:00:00;995;313;95;5634;431;34;2755;3376;703;296;540;1470;13888;7727;88
2015-01-03T12:15:00;995;313;125;5641;411;34;2744;3432;710;306;420;1510;13884;7708;54
2015-01-03T12:30:00;997;311;130;5570;398;34;2737;3474;723;307;395;1514;14143;8045;58
2015-01-03T12:45:00;996;314;130;5504;377;34;2732;3495;730;307;384;1555;14108;8096;45
2015-01-03T13:00:00;996;317;130;5365;350;34;2749;3514;706;308;342;1594;14107;8262;39
2015-01-03T13:15:00;992;316;130;5228;307;34;2754;3531;675;307;351;1620;13995;8331;26
2015-01-03T13:30:00;994;321;128;5090;269;34;2785;3533;620;317;462;1683;13951;8464;5
2015-01-03T13:45:00;993;319;128;4975;230;34;2794;3538;605;339;515;1683;13846;8514;3
2015-01-03T14:00:00;994;319;129;4884;191;34;2819;3530;601;343;349;1642;13804;8601;19
2015-01-03T14:15:00;996;321;128;4781;160;34;2823;3530;599;342;334;1644;13763;8694;3
2015-01-03T14:30:00;996;323;128;4691;132;34;2826;3526;600;353;523;1603;13748;8798;2
2015-01-03T14:45:00;996;324;128;4596;104;34;2820;3518;637;364;818;1485;13681;8853;4
2015-01-03T15:00:00;996;324;127;4441;76;34;2810;3511;712;356;598;1479;13703;9060;37
2015-01-03T15:15:00;994;333;122;4331;57;34;2816;3516;733;356;636;1477;13677;9167;16
2015-01-03T15:30:00;996;341;118;4156;40;34;2828;3508;734;357;713;1577;13730;9416;0
2015-01-03T15:45:00;1000;329;122;4052;22;34;2824;3543;753;360;836;1489;13761;9566;2
2015-01-03T16:00:00;1004;327;119;4032;10;34;2800;3598;754;361;351;1630;13857;9696;115
2015-01-03T16:15:00;1005;332;118;3975;6;34;2801;3602;767;362;245;1615;14187;10089;69
2015-01-03T16:30:00;1006;341;118;3831;4;34;2825;3632;782;366;427;1659;14410;10457;40
2015-01-03T16:45:00;1006;339;121;3724;2;34;2825;3705;797;366;771;1581;14669;10822;55
2015-01-03T17:00:00;1006;335;119;3718;0;34;2810;3771;821;371;408;1686;14952;11115;61
2015-01-03T17:15:00;1003;335;123;3724;0;34;2806;3797;828;372;456;1689;15023;11175;100
2015-01-03T17:30:00;1008;344;121;3735;0;34;2797;3796;831;374;474;1645;15144;11289;73
2015-01-03T17:45:00;1007;350;125;3713;0;34;2767;3807;833;379;576;1791;15158;11320;70
2015-01-03T18:00:00;1004;341;128;3630;0;34;2765;3867;842;384;640;1739;15238;11480;56
2015-01-03T18:15:00;1005;343;128;3519;0;34;2769;3876;845;384;533;1769;15216;11569;70
2015-01-03T18:30:00;1009;348;129;3417;0;34;2792;3875;846;384;532;1745;15140;11595;52
2015-01-03T18:45:00;1008;350;129;3370;0;34;2788;3877;848;384;289;1814;15033;11535;55
2015-01-03T19:00:00;1008;356;129;3199;0;34;2804;3903;843;387;580;1869;14925;11597;38
2015-01-03T19:15:00;1010;355;129;3117;0;34;2813;3898;840;387;421;1793;14993;11748;41
2015-01-03T19:30:00;1011;356;129;2995;0;34;2806;3914;837;387;327;1738;14724;11601;112
2015-01-03T19:45:00;1010;359;129;3121;0;34;2771;3917;838;379;211;1713;14643;11394;177
2015-01-03T20:00:00;1012;367;129;3190;0;34;2810;3980;834;387;621;1558;14293;10974;56
2015-01-03T20:15:00;1012;366;129;3282;0;34;2789;3989;815;377;489;1530;13949;10538;106
2015-01-03T20:30:00;1014;363;129;3394;0;34;2726;3993;742;359;323;1462;13604;10082;201
2015-01-03T20:45:00;1014;368;128;3492;0;34;2692;3987;681;355;265;1470;13422;9802;263
2015-01-03T21:00:00;1011;370;129;3533;0;34;2729;4004;620;324;202;1403;13240;9579;162
2015-01-03T21:15:00;1011;369;129;3663;0;34;2739;3997;588;321;143;1390;13202;9410;144
2015-01-03T21:30:00;1005;373;129;3714;0;34;2686;3998;570;307;107;1429;13140;9297;192
2015-01-03T21:45:00;1005;375;129;3792;0;34;2686;3991;552;273;192;1428;13140;9220;222
2015-01-03T22:00:00;1004;379;129;3686;0;34;2760;3949;523;269;349;1412;13209;9395;105
2015-01-03T22:15:00;1003;377;129;3850;0;34;2764;3917;536;259;263;1388;13252;9274;120
2015-01-03T22:30:00;1001;379;129;3874;0;34;2729;3839;540;258;322;1320;13087;9084;117
2015-01-03T22:45:00;1004;379;129;3887;0;34;2686;3742;539;244;500;1281;12817;8801;189
2015-01-03T23:00:00;1004;384;129;3953;0;34;2700;3667;548;233;370;1335;12580;8498;190
2015-01-03T23:15:00;1004;385;129;4205;0;34;2666;3601;547;232;343;1303;12520;8186;264
2015-01-03T23:30:00;1000;389;129;4276;0;34;2667;3504;524;231;343;1309;12270;7865;313
2015-01-03T23:45:00;1002;392;128;4389;0;34;2655;3254;505;232;343;1351;12173;7656;354
2015-01-04T00:00:00;1003;398;129;4325;0;34;2657;2857;467;190;402;1265;11845;7392;134
2015-01-04T00:15:00;1002;403;129;4297;0;34;2634;2677;475;190;386;1375;11657;7231;122
2015-01-04T00:30:00;1002;407;129;4321;0;34;2620;2579;477;189;357;1472;11540;7091;188
2015-01-04T00:45:00;1001;413;129;4408;0;34;2610;2479;486;189;354;1466;11384;6848;319
2015-01-04T01:00:00;1003;418;128;4485;0;34;2628;2457;466;189;238;1474;10715;6102;410
2015-01-04T01:15:00;1004;425;129;4528;0;34;2556;2450;453;189;234;1434;10619;5963;445
2015-01-04T01:30:00;1003;433;129;4662;0;34;2517;2457;451;189;226;1399;10503;5712;487
2015-01-04T01:45:00;1003;441;129;4548;0;34;2478;2448;450;189;225;1381;10432;5756;497
2015-01-04T02:00:00;1004;446;129;4497;0;34;2477;2466;439;189;133;1302;10298;5672;472
2015-01-04T02:15:00;1005;446;128;4544;0;34;2445;2457;439;190;49;1271;10229;5557;527
2015-01-04T02:30:00;1005;447;128;4667;0;34;2417;2449;440;190;50;1277;10177;5383;622
2015-01-04T02:45:00;1003;452;128;4679;0;34;2389;2437;432;190;47;1358;10132;5326;727
2015-01-04T03:00:00;1004;454;127;4638;0;34;2402;2451;424;190;281;1323;10071;5305;576
2015-01-04T03:15:00;1004;454;127;4612;0;34;2407;2471;423;191;231;1258;10040;5301;544
2015-01-04T03:30:00;1004;457;124;4574;0;34;2416;2474;422;191;231;1292;10043;5345;542
2015-01-04T03:45:00;1004;462;126;4637;0;34;2415;2431;421;191;23;1275;10060;5296;540
2015-01-04T04:00:00;1002;464;128;4665;0;34;2416;2422;412;192;87;1309;10087;5294;568
2015-01-04T04:15:00;1002;463;128;4639;0;34;2387;2427;409;192;2;1371;10057;5290;619
2015-01-04T04:30:00;1002;462;126;4663;0;34;2368;2432;406;192;47;1361;10081;5293;570
2015-01-04T04:45:00;1003;465;124;4626;0;34;2355;2421;404;192;55;1362;10104;5354;568
2015-01-04T05:00:00;1002;467;126;4616;0;34;2331;2422;406;192;1;1377;10104;5363;284
2015-01-04T05:15:00;1002;467;125;4579;0;34;2300;2419;406;192;55;1389;10012;5307;580
2015-01-04T05:30:00;1003;467;127;4558;0;34;2282;2422;407;192;55;1282;9958;5272;522
2015-01-04T05:45:00;1002;468;126;4493;0;34;2273;2418;409;192;11;1239;9826;5208;518
2015-01-04T06:00:00;1000;465;126;4494;0;34;2218;2416;415;193;2;1218;9657;5037;589
2015-01-04T06:15:00;999;464;126;4496;0;34;2190;2419;415;199;4;1204;9672;5050;571
2015-01-04T06:30:00;997;465;124;4520;0;34;2188;2406;415;208;5;1197;9981;5338;533
2015-01-04T06:45:00;997;463;123;4618;0;34;2190;2379;416;207;10;1215;10007;5266;514
2015-01-04T07:00:00;999;461;122;4531;0;34;2175;2370;427;216;4;1196;10138;5485;586
2015-01-04T07:15:00;995;461;124;4336;0;34;2181;2372;431;230;7;1194;10240;5780;541
2015-01-04T07:30:00;1001;462;125;4277;0;34;2203;2380;433;229;26;1200;10638;6236;356
2015-01-04T07:45:00;1003;462;125;4356;0;34;2211;2386;444;229;46;1220;10805;6324;300
2015-01-04T08:00:00;1005;456;124;4334;1;34;2200;2386;454;237;39;1288;10937;6479;288
2015-01-04T08:15:00;1005;449;124;4339;4;34;2256;2393;471;277;29;1294;11063;6597;329
2015-01-04T08:30:00;1008;450;126;4458;14;34;2345;2399;476;285;38;1293;11253;6656;272
2015-01-04T08:45:00;1007;453;127;4332;39;34;2398;2479;475;271;67;1259;11400;6903;164
2015-01-04T09:00:00;1006;457;122;4236;95;34;2481;2520;473;245;129;1263;11659;7206;122
2015-01-04T09:15:00;1007;456;121;4187;180;34;2553;2522;499;244;157;1337;11873;7386;137
2015-01-04T09:30:00;1006;455;123;4155;280;34;2593;2545;499;243;181;1402;12058;7500;145
2015-01-04T09:45:00;1007;452;125;4180;419;34;2624;2552;512;242;265;1432;12269;7545;145
2015-01-04T10:00:00;1007;453;124;4175;537;34;2647;2552;531;242;216;1370;12516;7680;102
2015-01-04T10:15:00;1010;449;125;4086;640;34;2719;2576;531;243;216;1395;12719;7868;81
2015-01-04T10:30:00;1009;446;124;4041;740;34;2730;2605;526;243;262;1430;12897;7992;82
2015-01-04T10:45:00;1002;449;125;4022;854;34;2737;2671;528;243;234;1443;13087;8086;37
2015-01-04T11:00:00;1003;446;126;4049;952;34;2742;2736;529;243;369;1457;13335;8208;25
2015-01-04T11:15:00;1005;445;126;4040;1028;34;2745;2743;532;243;457;1614;13613;8419;18
2015-01-04T11:30:00;1004;442;124;4121;1058;34;2745;2777;532;243;501;1566;13770;8467;27
2015-01-04T11:45:00;1002;438;125;4194;1114;34;2739;2769;532;241;404;1612;13783;8350;27
2015-01-04T12:00:00;1003;435;121;4117;1145;34;2725;2788;530;239;394;1527;13766;8384;86
2015-01-04T12:15:00;1002;434;117;4141;1156;34;2705;2850;527;239;336;1422;13749;8336;69
2015-01-04T12:30:00;1003;433;123;4054;1152;34;2714;2846;529;239;337;1386;13715;8387;61
2015-01-04T12:45:00;1000;428;125;4052;1128;34;2712;2837;529;240;317;1503;13584;8280;279
2015-01-04T13:00:00;1001;426;122;4066;1117;34;2696;2862;503;231;219;1406;13490;8185;175
2015-01-04T13:15:00;1009;428;118;4041;1048;34;2669;2882;510;227;220;1394;13360;8154;246
2015-01-04T13:30:00;1012;430;115;4042;961;34;2679;2864;505;226;213;1421;13278;8160;236
2015-01-04T13:45:00;1014;428;116;4039;867;34;2710;2857;504;226;258;1389;13134;8112;216
2015-01-04T14:00:00;1015;432;125;3986;745;34;2781;2822;508;227;143;1363;13048;8192;168
2015-01-04T14:15:00;1012;435;123;3940;657;34;2805;2796;507;226;134;1382;12898;8178;116
2015-01-04T14:30:00;1013;446;120;3876;556;34;2814;2864;508;227;187;1400;12801;8249;94
2015-01-04T14:45:00;1018;431;123;3827;463;34;2809;2988;507;226;216;1391;12773;8361;121
2015-01-04T15:00:00;1017;428;120;3744;373;34;2806;3136;503;227;170;1362;12826;8588;5
2015-01-04T15:15:00;1020;429;122;3669;285;34;2812;3261;503;227;290;1395;12747;8672;32
2015-01-04T15:30:00;1020;431;120;3603;187;34;2815;3328;504;227;374;1397;12746;8836;33
2015-01-04T15:45:00;1019;431;120;3587;108;34;2814;3402;504;227;345;1417;12795;8981;49
2015-01-04T16:00:00;1018;427;115;3548;52;34;2798;3486;516;226;358;1439;12890;9175;36
2015-01-04T16:15:00;1020;430;113;3486;21;34;2811;3517;540;227;404;1436;13074;9454;1
2015-01-04T16:30:00;1017;431;115;3348;9;34;2817;3562;559;227;609;1499;13403;9931;1
2015-01-04T16:45:00;1017;430;116;3320;2;34;2819;3668;566;228;856;1480;13779;10341;1
2015-01-04T17:00:00;1014;430;120;3337;0;34;2813;3723;551;233;441;1458;14188;10732;1
2015-01-04T17:15:00;1017;431;114;3305;0;34;2819;3742;540;241;646;1384;14382;10963;1
2015-01-04T17:30:00;1018;432;113;3301;0;34;2827;3745;538;243;872;1346;14488;11073;1
2015-01-04T17:45:00;1018;432;117;3308;0;34;2826;3741;546;242;948;1348;14563;11139;2
2015-01-04T18:00:00;1018;435;120;3302;0;34;2813;3742;556;242;688;1374;14712;11291;10
2015-01-04T18:15:00;1020;435;120;3287;0;34;2822;3756;554;242;765;1392;14716;11308;8
2015-01-04T18:30:00;1021;437;119;3316;0;34;2809;3731;554;242;479;1556;14668;11234;25
2015-01-04T18:45:00;1019;437;110;3376;0;34;2808;3734;560;242;685;1397;14622;11136;27
2015-01-04T19:00:00;1021;436;107;3413;0;34;2809;3748;549;244;421;1492;14469;10949;71
2015-01-04T19:15:00;1019;433;110;3457;0;34;2817;3710;546;244;485;1443;14339;10772;126
2015-01-04T19:30:00;1017;432;107;3478;0;34;2818;3776;546;244;201;1503;14296;10712;171
2015-01-04T19:45:00;1017;432;105;3475;0;34;2813;3806;548;245;354;1412;14169;10589;210
2015-01-04T20:00:00;1018;444;105;3444;0;34;2823;3840;549;236;438;1325;13960;10411;118
2015-01-04T20:15:00;1017;432;106;3489;0;34;2823;3858;551;232;341;1397;13777;10183;172
2015-01-04T20:30:00;1017;428;108;3394;0;34;2800;3861;542;231;204;1461;13556;10054;271
2015-01-04T20:45:00;1016;425;104;3383;0;34;2800;3871;540;231;267;1435;13410;9923;339
2015-01-04T21:00:00;1017;430;98;3238;0;34;2836;3849;538;231;332;1420;13325;9990;305
2015-01-04T21:15:00;1020;428;99;3187;0;34;2842;3829;534;230;277;1455;13331;10046;302
2015-01-04T21:30:00;1017;424;102;3145;0;34;2825;3826;534;230;249;1487;13274;10028;308
2015-01-04T21:45:00;1017;425;109;3095;0;34;2832;3838;531;231;226;1483;13289;10086;301
2015-01-04T22:00:00;1018;427;115;3063;0;34;2842;3858;533;237;460;1491;13484;10306;152
2015-01-04T22:15:00;1019;427;116;2982;0;34;2828;3835;531;240;471;1402;13375;10277;128
2015-01-04T22:30:00;1015;429;118;2962;0;34;2814;3840;538;240;464;1386;13263;10183;130
2015-01-04T22:45:00;1015;423;118;2985;0;34;2799;3863;488;240;402;1415;13009;9906;340
2015-01-04T23:00:00;1014;421;117;3007;0;34;2808;3842;483;230;435;1417;12834;9710;246
2015-01-04T23:15:00;1016;419;116;2994;0;34;2778;3833;492;228;403;1370;12592;9482;332
2015-01-04T23:30:00;1017;419;111;2995;0;34;2760;3871;494;226;380;1331;12415;9309;429
2015-01-04T23:45:00;1016;421;117;2997;0;34;2737;3853;492;229;346;1314;12206;9092;532
2015-01-05T00:00:00;1015;421;118;2974;0;34;2742;3973;497;241;391;1287;11930;8839;350
2015-01-05T00:15:00;1016;420;120;2952;0;33;2734;4028;558;249;331;1310;11758;8686;535
2015-01-05T00:30:00;1015;420;119;2953;0;33;2737;4017;567;249;297;1312;11575;8504;709
2015-01-05T00:45:00;1018;420;117;2969;0;33;2722;4025;579;249;316;1299;11404;8319;836
2015-01-05T01:00:00;1017;426;117;2956;0;33;2769;3952;540;241;253;1220;11294;8222;728
2015-01-05T01:15:00;1018;418;117;2944;0;33;2768;3850;541;240;262;1161;11177;8116;708
2015-01-05T01:30:00;1016;417;117;2960;0;33;2765;3790;544;238;268;1172;11110;8034;670
2015-01-05T01:45:00;1018;416;114;2956;0;33;2753;3799;539;242;256;1191;11046;7977;718
2015-01-05T02:00:00;1018;418;113;3005;0;33;2731;3862;516;243;85;1263;10975;7857;811
2015-01-05T02:15:00;1018;415;116;3031;0;33;2710;3859;491;247;64;1294;10922;7775;839
2015-01-05T02:30:00;1016;415;117;3086;0;33;2713;3847;489;247;60;1354;10874;7671;991
2015-01-05T02:45:00;1016;414;116;3077;0;33;2707;3841;517;247;57;1356;10865;7672;990
2015-01-05T03:00:00;1017;415;114;3085;0;33;2704;3895;507;249;14;1321;10899;7701;796
2015-01-05T03:15:00;1017;411;114;3063;0;33;2696;3885;500;249;131;1358;10894;7718;810
2015-01-05T03:30:00;1016;411;113;3071;0;33;2687;3869;516;249;14;1401;10914;7731;875
2015-01-05T03:45:00;1017;408;111;3095;0;33;2673;3880;527;249;116;1532;10977;7771;959
