CW,Biomass,hydro,windoffshore,windonshore,solar,otherrenewable,nuclear,browncoal,hardcoal,fossilgas,hydroppumpedstorage,otherconventional,totalgridload,residualload,reversehydropumped,sumconventional,sumrenewable,newexpMWh
1,1001.91,297.65,121.47,4678.80,111.42,28.98,2483.35,3016.35,713.15,290.11,262.40,1466.02,12496.88,7585.48,270.30,7968.97,6502.62,2441.22,2015
2,1003.26,399.33,96.12,3857.14,197.07,33.10,2775.44,3721.42,1686.83,380.24,281.47,1883.90,14945.02,10794.98,221.40,10447.82,5867.49,2125.76,2015
3,1012.62,420.65,109.25,4565.56,239.04,31.99,2746.91,3685.50,1763.59,340.21,280.76,1069.79,15436.87,10523.30,221.17,9606.01,6659.86,1982.31,2015
4,1013.84,413.77,39.96,679.89,173.88,34.82,2838.41,4655.42,2935.65,743.47,317.22,2310.58,15730.58,14837.17,207.64,13483.52,2673.38,1254.32,2015
5,1015.02,366.54,93.03,2406.59,175.32,33.87,2780.51,4205.30,2814.30,504.11,292.10,2179.75,15708.90,13034.28,196.46,12483.97,4382.45,2175.46,2015
6,1018.02,343.35,68.20,1449.04,337.32,35.18,2830.24,4353.62,3028.73,744.41,278.62,2253.83,15931.81,14077.59,183.28,13210.84,3529.72,1742.43,2015
7,1011.58,317.52,95.28,1711.57,434.46,33.86,2790.63,4142.92,2990.91,647.35,284.27,2223.93,15736.20,13495.17,204.76,12795.74,3888.54,1839.79,2015
8,996.25,309.71,125.94,2038.76,587.10,30.63,2781.32,4031.80,2983.19,546.98,272.90,2093.76,15497.13,12745.64,209.97,12437.05,4361.29,2225.57,2015
9,994.40,318.81,131.83,2041.77,681.53,25.73,2757.23,4212.86,2734.16,465.57,289.77,2083.50,15477.45,12622.65,196.01,12253.32,4483.84,2182.05,2015
10,998.28,355.04,179.33,3315.65,777.87,26.25,2696.88,4277.86,2135.73,433.67,312.49,1812.37,15323.47,11050.90,225.26,11356.51,5964.91,2238.08,2015
11,986.52,330.19,129.82,1251.73,1036.77,20.07,2485.64,4275.23,2900.05,438.67,274.37,2067.95,14955.60,12537.58,188.50,12167.54,4029.47,2051.26,2015
12,986.83,329.05,127.60,1533.41,1185.27,25.39,2452.68,4185.45,2574.76,476.92,311.68,1921.66,14765.88,11919.93,223.53,11611.47,4499.23,2034.26,2015
13,993.78,347.96,101.54,1260.17,959.99,25.67,2264.85,4157.12,2862.29,520.62,318.08,1786.22,14738.19,12416.82,215.82,11591.09,4007.19,1596.05,2015
14,995.79,426.63,198.61,4148.06,917.94,31.07,2364.06,3295.17,1116.45,383.47,297.09,1332.07,14251.64,8987.37,223.37,8491.21,7015.20,2088.42,2015
15,998.16,403.11,60.59,1103.35,1514.38,36.92,2309.52,3799.01,2126.35,334.21,253.54,1710.49,13604.22,10926.22,193.74,10279.58,4370.05,1632.56,2015
16,985.62,438.98,198.21,2095.76,1618.53,28.97,2369.84,3466.40,1987.88,289.84,313.55,1470.77,14116.91,10204.75,241.64,9584.72,5679.62,1560.34,2015
17,986.05,420.00,123.32,1000.21,1847.40,31.63,2424.90,3465.26,2275.27,237.25,280.95,1660.09,13799.72,10829.11,199.83,10062.78,4689.57,1383.03,2015
18,992.67,460.00,101.56,1008.51,1366.42,33.12,2400.85,3258.41,2097.39,252.32,281.99,1442.72,13328.70,10852.53,179.52,9451.69,4244.27,912.23,2015
19,981.80,502.76,268.27,2252.11,1387.39,28.83,2363.42,3196.49,1449.38,264.75,307.87,1242.84,13889.90,9982.44,183.20,8516.88,5729.04,784.27,2015
20,981.99,523.13,195.12,1657.93,1694.47,26.34,2351.83,3053.12,1019.89,295.69,300.75,1204.63,13009.31,9462.15,202.43,7925.15,5379.73,575.53,2015
21,989.62,525.00,138.95,1228.40,1487.11,26.31,2358.01,2917.94,1828.30,308.82,300.49,1510.21,13714.31,10860.18,201.96,8923.28,4695.87,265.08,2015
22,1001.33,521.15,182.18,1357.48,1397.52,26.42,2278.43,2885.59,1776.19,296.08,321.38,1353.77,13019.70,10082.88,201.20,8590.06,4807.46,784.34,2015
23,967.76,509.15,230.73,2188.97,1838.38,23.82,2226.22,3207.05,1103.84,300.25,319.64,1251.76,13303.56,9045.82,221.85,8089.11,6078.44,1107.35,2015
24,952.63,502.28,137.95,930.34,1580.99,27.03,2239.46,3380.32,2086.42,292.39,303.80,1642.98,13754.85,11105.87,172.91,9641.57,4435.02,811.47,2015
25,954.49,543.57,242.92,1292.48,1383.96,28.98,2134.79,3327.96,2077.75,263.92,284.01,1469.29,13560.49,10641.43,139.95,9273.71,4730.41,887.19,2015
26,950.33,537.07,122.33,1100.17,1345.85,29.60,2117.51,3522.20,2346.51,234.32,295.58,1605.33,13698.07,11130.04,161.07,9825.89,4380.92,933.58,2015
27,951.06,532.86,145.69,896.54,2072.70,25.77,1980.39,3517.44,2527.15,341.54,360.70,1650.55,13879.59,10765.00,192.35,10017.07,4985.33,1411.08,2015
28,942.18,501.69,254.49,1975.87,1799.90,23.47,1599.10,3558.44,2007.47,327.44,292.56,1386.17,13908.24,9878.36,192.44,8878.61,5790.15,1062.28,2015
29,955.90,467.44,143.98,1013.37,1470.94,24.25,1620.45,3780.73,2501.29,313.95,299.55,1681.15,13866.42,11238.49,181.33,9897.57,4375.42,852.76,2015
30,938.61,450.98,212.07,1504.58,1533.27,24.76,1647.71,3842.04,2244.54,530.39,254.87,1561.80,13852.54,10602.94,180.82,9826.47,4919.14,1294.02,2015
31,932.96,412.88,332.89,2586.68,1533.55,23.85,1880.07,3773.30,1127.05,352.20,244.25,982.60,13433.91,8981.15,198.53,8115.22,6067.06,970.02,2015
32,920.86,419.96,119.66,920.85,1854.26,22.66,1977.93,3909.27,2008.43,297.53,272.00,1099.60,13468.86,10574.41,203.63,9292.76,4530.25,750.64,2015
33,925.84,412.86,135.61,1013.35,1627.08,22.19,2351.93,3802.25,2442.51,295.72,272.51,1084.88,13573.44,10797.70,200.13,9977.29,4409.44,1201.17,2015
34,942.22,429.08,164.90,693.93,1173.29,21.67,2616.66,4033.78,2262.67,267.79,228.20,1175.46,13382.02,11350.25,180.40,10356.36,3653.29,945.94,2015
35,950.10,382.39,391.62,2001.46,1485.21,21.94,2555.11,3993.47,2047.97,269.41,281.39,1107.71,13742.30,9864.32,211.02,9973.68,5514.12,1968.74,2015
36,950.13,401.30,380.76,1581.80,1271.21,20.69,2597.52,3825.82,2642.89,306.69,296.23,1265.08,13830.51,10597.08,207.00,10638.01,4902.11,1920.30,2015
37,966.87,381.05,232.02,1661.37,1276.77,22.23,2564.04,4141.90,2600.21,251.70,240.55,1147.86,13827.50,10657.62,188.09,10705.71,4780.87,2076.30,2015
38,972.82,370.45,333.01,2268.27,931.96,20.75,2571.65,4314.52,2191.06,294.35,230.61,2111.11,14053.32,10520.37,175.61,11482.69,5127.87,1928.76,2015
39,968.42,364.21,209.27,1064.52,974.05,23.32,2533.24,4472.91,3069.32,367.43,255.78,1095.76,14006.35,11758.83,212.87,11538.67,3859.56,1928.10,2015
40,972.62,332.88,44.63,1058.66,1528.78,23.81,2322.56,4451.73,3129.50,297.61,298.14,1401.78,13824.82,11193.08,212.12,11603.18,4259.52,2197.55,2015
41,981.28,352.59,265.53,1161.14,662.38,21.87,2081.78,4422.39,3217.31,505.65,267.56,1176.97,14087.45,11998.70,187.98,11404.10,3712.34,1529.85,2015
42,992.21,340.78,498.28,1154.55,533.91,22.94,1986.87,4271.36,3304.89,730.67,296.18,1512.87,14605.04,12418.61,224.31,11806.65,3838.85,1495.23,2015
43,1000.02,341.39,276.00,871.75,458.26,23.09,2237.91,4225.05,3513.83,599.39,285.11,1492.99,14569.15,12963.45,205.18,12069.18,3255.61,1231.38,2015
44,1003.62,311.02,256.73,1065.54,548.34,23.91,2672.85,4310.45,3034.02,667.39,275.69,1733.27,14504.91,12634.59,216.95,12417.98,3484.84,1544.26,2015
45,999.30,274.47,207.44,1111.10,661.68,26.58,2647.91,4223.61,3067.03,660.38,242.19,1442.17,14608.46,12628.52,205.68,12041.09,3522.76,1604.40,2015
46,996.45,255.52,640.61,4127.40,454.28,19.12,2544.77,3398.55,2132.08,519.69,275.75,1230.37,14849.63,9627.65,248.25,9825.46,6769.12,2288.49,2015
47,1000.50,276.74,464.43,4464.31,291.25,19.57,2587.43,3780.56,1935.86,578.45,291.82,1238.20,15147.49,9927.80,246.17,10120.51,6808.62,2465.11,2015
48,1005.60,317.14,469.84,2292.10,255.02,31.10,2648.17,4242.78,3073.62,931.22,288.76,1521.70,15600.20,12583.53,233.83,12417.50,4659.55,2131.79,2015
49,1095.05,346.89,547.59,4539.32,197.35,26.02,2553.28,3455.35,2373.45,647.17,272.94,1284.77,15457.79,10173.85,244.89,10314.02,7025.17,2466.87,2015
50,1159.80,308.73,373.96,3390.39,337.12,28.26,2610.96,3819.80,2725.53,654.95,260.25,1269.28,15383.54,11282.35,229.32,11080.51,5858.52,2302.39,2015
51,1157.43,292.08,428.83,2153.11,205.25,40.39,2633.60,4187.98,2918.62,816.27,282.64,1360.30,14939.10,12152.23,220.47,11916.77,4559.74,2177.68,2015
52,1156.04,271.13,641.42,4742.44,317.15,34.50,2448.10,3055.62,676.16,393.62,265.60,949.80,12550.05,6849.34,260.65,7523.30,7428.28,2804.90,2015
53,1158.54,248.79,544.53,2768.39,334.28,38.19,2616.20,3245.78,1343.96,456.06,255.88,893.80,12286.47,8639.57,230.72,8555.80,5348.59,2370.29,2015
1,1150.68,259.75,445.32,2230.08,145.71,44.46,2613.40,3466.49,1046.03,492.15,240.69,832.05,11725.81,8905.03,203.32,8450.11,4516.69,1885.10,2016
2,1143.07,304.54,590.74,2540.20,190.88,45.04,2627.92,3794.27,2734.96,714.05,291.91,1272.69,14768.39,11446.91,224.07,11143.89,5106.38,2426.47,2016
3,1151.72,360.03,317.35,2269.20,176.21,46.46,2670.72,4326.73,3168.06,741.68,280.02,1413.88,15501.07,12738.62,229.32,12321.06,4601.00,2272.21,2016
4,1152.66,329.84,304.43,1207.86,191.04,47.44,2675.52,4424.04,3759.95,1378.48,351.18,1548.79,16042.57,14339.53,227.84,13786.78,3584.46,2358.85,2016
5,1143.88,325.07,635.37,4620.38,344.43,44.00,2545.02,3557.70,1947.41,622.65,269.44,1172.43,15401.79,9801.91,233.06,9845.21,7382.57,2737.38,2016
6,1169.63,421.45,546.08,4453.10,281.39,40.31,2608.82,3474.14,1738.26,521.68,338.37,1206.76,15365.63,10085.34,268.32,9549.66,7250.33,2128.72,2016
7,1177.14,402.59,403.87,3886.09,419.39,40.28,2587.85,3753.87,1990.76,580.11,290.97,1229.62,15250.84,10541.82,256.90,10142.22,6620.34,2299.65,2016
8,1169.53,396.65,431.38,1929.97,384.89,43.88,2635.80,4239.59,2855.19,724.98,294.99,1337.30,15587.04,12841.08,229.32,11792.86,4651.30,1751.17,2016
9,1172.20,412.81,408.86,2768.61,644.43,43.00,2521.46,3602.25,2589.01,594.28,267.78,1277.62,15254.81,11433.17,233.71,10584.62,5717.68,1774.51,2016
10,1174.46,469.38,244.57,2020.29,541.69,48.32,2628.82,3887.81,2831.06,519.17,281.04,1396.57,15276.49,12470.30,209.84,11263.43,4779.75,1582.30,2016
11,1176.33,489.15,160.40,1016.93,809.89,49.45,2637.05,3756.28,3094.62,589.13,286.71,1473.33,15084.68,13097.74,205.35,11550.39,3988.87,1403.30,2016
12,1174.81,446.99,175.71,1295.34,1014.45,48.84,2617.24,3821.66,2770.96,509.36,253.48,1375.15,14921.21,12436.02,199.69,11094.36,4409.61,1713.96,2016
13,1176.90,411.57,366.44,1758.67,730.71,48.28,2577.63,3884.88,2465.50,486.34,271.86,1654.84,14186.38,11330.87,200.57,11069.18,4764.41,2128.26,2016
14,1177.65,460.22,390.40,2633.32,1039.82,43.11,2416.57,3195.03,1770.94,405.35,280.56,1962.03,13721.63,9658.42,216.37,9749.92,6025.08,1926.35,2016
15,1158.99,542.26,330.89,1647.06,1146.26,40.30,2048.43,3652.57,2498.93,378.28,275.39,1070.60,14123.92,11000.01,208.51,9648.80,5141.15,1303.54,2016
16,1164.67,537.65,261.92,1434.13,1213.08,42.23,1643.92,3891.39,2408.39,472.31,264.22,1150.06,14067.16,11158.33,178.68,9566.08,4917.90,1103.54,2016
17,1151.64,610.90,387.82,1851.29,1482.14,42.03,1634.34,3784.05,1891.02,332.73,269.70,1027.28,13936.89,10215.95,185.43,8669.43,5795.52,1185.51,2016
18,1148.38,576.22,296.34,2280.99,1374.02,42.42,1630.66,3648.51,2469.53,380.25,300.19,1230.00,14282.27,10331.25,223.22,9358.95,6018.56,1731.12,2016
19,1142.80,540.42,255.67,1639.75,1941.58,39.25,1583.44,3444.43,1694.55,337.86,260.58,976.76,13151.67,9314.98,240.78,8037.04,5820.04,1327.76,2016
20,1125.36,610.79,516.64,2860.63,1728.33,37.11,1597.61,3152.38,1548.83,347.47,306.07,955.54,13930.30,8825.05,217.10,7601.83,7184.94,1374.12,2016
21,1133.15,656.33,285.03,1690.44,1432.36,38.17,1782.17,3384.09,1672.31,428.02,275.59,1083.54,13345.42,9937.94,219.67,8350.13,5511.08,1054.99,2016
22,1114.73,686.06,148.20,965.18,1340.47,37.02,1604.94,3553.65,2233.97,475.46,234.81,1194.48,13466.70,11013.17,212.12,9062.50,4526.48,717.07,2016
23,1099.12,676.15,367.08,1071.91,1347.44,36.64,1736.65,3386.18,2162.71,427.44,271.52,1100.49,13871.81,11085.69,218.73,8813.46,4869.86,360.96,2016
24,1088.58,666.68,161.52,751.70,1894.69,33.20,2101.66,3317.94,2251.61,323.74,203.34,1000.45,13620.82,10813.23,190.76,8995.41,4799.71,586.68,2016
25,1100.27,658.20,143.87,826.14,1391.38,32.76,2022.42,3534.94,2434.00,424.32,254.18,1065.49,13704.45,11343.39,216.34,9481.17,4406.79,600.32,2016
26,1082.81,656.70,184.66,1064.19,1791.13,32.31,2181.35,3106.08,2354.78,386.35,310.63,1167.46,13739.30,10699.69,219.67,9196.04,5122.42,886.06,2016
27,1093.43,683.29,317.49,1656.93,1613.60,30.27,2127.90,3289.01,1884.53,363.12,260.06,1088.30,13841.08,10253.43,226.51,8752.86,5655.07,896.57,2016
28,1089.12,702.76,382.70,1976.70,1878.70,26.93,2195.32,3301.86,1511.41,349.51,275.64,979.29,13831.03,9593.27,226.07,8337.39,6332.56,995.55,2016
29,1072.36,653.73,418.04,1809.50,1527.15,26.94,2157.88,3764.10,1500.27,367.78,247.20,984.95,13791.06,10036.68,201.80,8774.99,5754.93,1096.36,2016
30,1068.80,710.46,147.08,739.57,1796.87,27.26,1957.18,3741.85,2333.46,442.74,253.15,1253.38,13749.91,11066.74,159.25,9728.61,4743.19,1116.67,2016
31,1069.39,732.53,84.31,622.47,1603.57,27.92,1949.80,3531.35,2768.36,441.19,217.23,1214.58,13559.78,11249.75,158.58,9905.27,4357.43,1070.05,2016
32,1090.31,696.38,291.76,1365.42,1242.95,31.57,1980.37,3576.69,2079.20,419.60,201.80,1044.89,13337.22,10437.40,165.35,9100.74,4920.19,1021.05,2016
33,1105.16,734.77,525.71,1859.85,1478.04,32.29,2239.14,3256.47,1243.15,352.20,255.84,881.99,13254.09,9390.85,215.84,7972.95,5991.65,916.39,2016
34,1092.79,698.74,127.20,635.76,1712.99,31.71,2504.28,3632.01,1878.43,563.03,236.75,972.76,13207.72,10732.14,180.85,9550.52,4535.94,1163.37,2016
35,1080.25,638.75,210.93,1284.59,1782.32,32.21,2553.30,3609.26,1901.88,860.52,254.61,1089.95,13677.43,10399.93,206.78,10014.91,5283.65,1837.68,2016
36,1084.13,605.64,257.86,1096.59,1617.97,30.93,2438.32,3694.47,2185.20,776.72,263.00,1235.19,13631.60,10659.52,183.12,10329.89,4956.11,1916.55,2016
37,1081.29,581.44,131.57,1033.15,1493.66,30.64,2252.77,3767.58,2281.88,852.54,262.75,1360.76,13605.42,10947.37,188.08,10515.53,4614.50,1844.10,2016
38,1073.52,524.86,283.73,1336.25,1396.99,32.67,2254.69,3691.51,2244.95,887.77,237.12,1241.39,13679.68,10663.02,193.45,10320.30,4885.14,1978.50,2016
39,1100.64,585.16,115.24,634.68,1120.71,38.24,2435.58,4145.00,2591.37,914.23,195.69,1255.37,13469.12,11598.82,177.96,11341.55,3790.36,1988.83,2016
40,1098.32,476.88,452.98,2018.16,1146.44,36.06,2604.56,3727.73,1943.99,698.75,260.02,1235.62,13812.50,10195.23,223.71,10210.65,5488.86,2378.11,2016
41,1115.09,437.18,470.61,2146.34,672.70,40.19,2626.46,3846.93,1880.96,856.94,246.32,1726.81,13732.97,10443.64,194.64,10938.09,5128.42,2440.31,2016
42,1119.41,380.40,562.73,1627.61,607.65,41.01,2636.58,3994.49,2482.56,905.46,277.55,1640.71,14573.05,11775.35,234.48,11659.82,4616.36,2204.78,2016
43,1122.23,371.57,429.40,1024.13,497.56,41.81,2640.40,4025.14,2787.06,1020.93,290.20,1843.53,14556.39,12605.62,228.17,12317.06,3776.90,1933.97,2016
44,1129.78,409.74,431.17,1313.14,435.10,42.51,2625.13,3959.28,2484.23,977.24,291.41,1915.97,14581.56,12402.48,234.60,11961.84,4052.84,1576.04,2016
45,1139.56,358.53,369.08,1700.04,503.18,47.94,2616.52,4280.36,2455.16,659.41,263.19,1550.32,14251.02,11679.01,227.05,11561.77,4381.52,2395.83,2016
46,1142.90,429.17,324.49,1092.51,275.46,49.21,2628.91,4375.69,3064.70,1163.67,296.87,1852.55,15409.32,13717.16,252.82,13085.52,3610.60,1892.08,2016
47,1131.95,412.97,611.69,3461.63,305.76,48.94,2577.20,3777.08,2062.92,801.29,282.12,1633.16,15617.45,11238.66,274.31,10851.64,6255.07,2215.70,2016
48,1140.35,429.92,388.95,2409.46,316.18,47.69,2509.07,3847.86,2626.79,964.28,294.09,1732.35,15356.75,12242.43,262.48,11680.35,5026.65,1914.08,2016
49,1164.00,405.61,490.30,2842.77,463.26,50.80,2537.89,3688.87,2681.33,901.27,290.39,1616.14,15820.88,12024.86,250.15,11425.49,5707.13,2080.08,2016
50,1185.62,392.23,371.50,2414.24,359.98,49.36,2514.63,3999.72,2886.74,1088.66,310.82,1792.03,15976.87,12831.42,230.95,12281.78,5083.74,2197.62,2016
51,1191.35,404.14,292.81,1597.90,189.86,49.09,2262.97,4265.50,3119.90,1259.06,321.00,1823.82,15652.71,13572.48,240.56,12731.25,4046.15,1909.27,2016
52,1190.52,384.31,487.47,2430.02,185.95,50.67,2016.99,3768.87,2613.16,1204.10,315.31,1695.66,14967.84,11864.69,225.47,11298.78,5044.24,2208.14,2016
53,1180.34,341.57,586.05,3907.27,284.27,45.51,1505.17,2883.48,1240.91,732.11,267.66,1210.30,12742.62,7965.32,266.47,7571.96,6612.67,1866.27,2016
1,1187.07,284.69,577.45,3228.06,197.16,47.45,1658.61,3601.17,2626.32,981.98,287.64,1719.10,15062.73,11060.34,230.37,10587.17,5809.53,2023.60,2017
2,1181.08,294.43,540.03,3473.61,121.22,47.79,1902.01,3988.77,2530.31,1096.17,287.49,1787.63,16062.88,11928.33,269.00,11304.89,5945.64,2277.99,2017
3,1188.09,295.27,177.40,1101.60,301.57,49.88,1939.51,4195.77,3840.19,1490.59,339.87,2178.19,16200.07,14619.78,272.97,13644.24,3453.67,1973.51,2017
4,1195.69,282.03,286.52,1024.56,442.65,48.02,2061.32,4004.08,3802.80,1445.46,354.75,2111.23,16328.83,14575.43,271.34,13424.89,3634.22,1887.90,2017
5,1220.23,339.15,545.50,1898.95,333.38,56.21,2116.86,3824.39,3397.83,1124.36,282.53,2089.73,15911.26,13133.72,275.33,12553.17,4675.94,2157.52,2017
6,1235.80,333.78,735.41,1590.57,402.78,64.08,1661.09,3974.86,3535.80,1220.34,274.03,2008.45,15956.95,13228.45,275.21,12400.54,4636.44,1817.03,2017
7,1241.79,284.52,606.05,1903.79,758.73,64.18,1638.58,4276.03,3200.48,1022.20,268.42,1913.34,15723.65,12455.38,270.53,12050.64,5127.47,2245.77,2017
8,1223.51,347.92,817.58,5191.30,550.74,62.67,1601.79,3635.51,1356.34,652.45,258.13,1411.99,15506.97,8947.66,273.35,8658.08,8451.85,2137.28,2017
9,1208.84,359.26,708.26,4361.54,779.67,59.32,1693.06,3656.90,1226.95,670.33,298.55,1413.63,15074.93,9225.76,273.96,8660.86,7775.44,2000.76,2017
10,1202.26,406.25,447.05,2337.85,734.82,57.78,1628.52,3894.57,2357.27,913.54,282.91,1700.55,15178.03,11658.64,284.81,10494.45,5468.91,1423.93,2017
11,1205.47,403.57,674.20,2983.71,1177.26,57.82,1627.00,3788.79,1825.26,667.51,278.19,1495.14,14758.52,9923.68,288.66,9403.69,6780.21,2007.03,2017
12,1203.14,462.77,486.04,2831.35,953.56,57.26,1616.59,3769.52,2028.64,708.75,306.76,1419.39,14852.81,10582.18,266.57,9542.89,6300.89,1580.13,2017
13,1188.35,413.88,295.41,1453.15,1679.16,52.57,1590.46,4152.44,1916.57,643.76,267.77,1358.37,14220.72,10793.29,256.03,9661.60,5350.29,1250.47,2017
14,1179.31,406.09,329.40,1783.34,1259.14,51.30,1507.92,4059.13,2091.40,709.94,286.73,1187.66,14090.34,10718.77,257.94,9556.05,5295.30,1164.33,2017
15,1182.89,362.93,746.31,3336.77,1343.67,51.49,1439.60,3680.12,1106.48,510.15,275.20,1017.11,13648.64,8222.22,281.42,7753.46,7299.25,1916.51,2017
16,1197.82,387.97,520.36,2574.34,1252.41,59.51,1738.15,3710.96,1428.38,586.35,273.25,1131.67,13786.32,9439.55,255.95,8595.52,6265.65,1616.49,2017
17,1195.28,441.63,369.79,1647.84,1324.26,59.39,1958.64,3920.84,1903.79,723.59,283.36,1291.22,14484.53,11142.94,224.42,9798.08,5321.54,1230.27,2017
18,1183.04,464.44,711.53,2539.83,1339.84,54.18,1860.33,3510.17,1472.08,603.11,255.55,1087.00,13851.78,9260.88,266.96,8532.70,6548.43,1671.97,2017
19,1160.21,504.75,380.87,1139.23,1533.53,55.21,1915.84,3635.91,2183.09,653.66,259.28,1237.33,13985.36,10932.06,218.01,9625.83,5033.09,1077.63,2017
20,1142.30,533.63,332.71,1193.22,1812.04,47.53,1838.70,3740.30,1943.94,591.39,260.22,1227.78,13904.72,10567.10,230.23,9342.10,5321.65,1143.63,2017
21,1152.65,508.31,254.23,1326.23,2105.30,46.94,1931.01,3595.45,1418.22,433.60,273.44,1076.39,13015.39,9329.95,245.83,8454.67,5667.08,1469.76,2017
22,1121.99,540.58,237.66,1235.05,2065.30,44.00,2022.35,3527.74,1917.73,695.65,292.28,1048.03,13828.81,10291.13,225.92,9211.51,5536.87,1414.37,2017
23,1116.92,553.11,566.34,2520.48,1705.55,41.46,2218.57,3292.55,698.01,406.45,289.86,1006.87,13160.29,8368.27,272.46,7622.45,6793.71,1582.48,2017
24,1117.75,520.06,535.48,2391.41,1989.01,41.28,2221.08,3455.11,1058.79,485.03,308.40,1007.74,13385.84,8470.29,251.49,8227.76,6903.39,2059.40,2017
25,1110.33,486.10,349.45,1634.15,2117.03,40.53,2176.48,3633.42,1842.88,681.68,281.22,1079.86,14020.07,9919.78,216.67,9414.33,6018.80,1870.87,2017
26,1114.31,512.90,449.80,2248.14,1447.43,40.97,2209.22,3654.91,1374.36,663.02,275.21,1125.15,13895.82,9750.82,199.49,9026.66,6088.76,1616.31,2017
27,1103.73,496.77,259.32,1401.21,1891.36,39.11,2125.51,3580.83,1777.50,783.04,232.86,1297.96,13843.16,10291.64,198.86,9564.83,5424.36,1552.20,2017
28,1102.36,507.86,239.99,1251.54,1570.81,40.61,1606.26,3607.40,1580.37,861.60,223.53,1485.35,13794.21,10732.21,182.21,9140.98,4936.69,680.87,2017
29,1102.39,487.97,362.84,1116.92,1872.18,39.11,1599.69,3429.66,1691.01,831.08,201.51,1353.96,13709.96,10358.33,185.45,8905.39,5182.93,881.65,2017
30,1104.84,527.90,346.35,2028.59,1228.26,40.28,1726.81,3487.26,1346.99,593.52,221.03,1219.37,13523.52,9920.66,206.71,8373.82,5497.25,740.91,2017
31,1094.31,536.85,485.36,2104.96,1646.54,42.35,2171.41,3403.96,963.57,473.29,251.47,1050.77,13540.51,9304.01,198.43,8062.88,6161.83,1189.04,2017
32,1102.33,523.23,360.07,1515.10,1320.94,44.93,2196.88,3777.07,1051.01,508.07,227.64,1078.77,13284.46,10088.71,215.57,8611.80,5094.24,837.70,2017
33,1108.98,550.59,409.89,1456.63,1598.67,44.48,2464.92,3717.80,1025.51,386.43,250.76,952.84,13284.76,9819.85,208.97,8547.49,5419.99,1130.61,2017
34,1118.37,507.51,371.14,1179.59,1723.35,44.42,2505.13,3734.37,1676.34,315.97,232.60,1029.57,13374.90,10101.12,189.80,9261.38,5176.99,1544.39,2017
35,1095.65,487.08,169.54,947.31,1387.82,44.81,2445.87,3977.22,2135.22,424.76,229.64,1110.02,13509.72,11005.36,191.87,10093.10,4361.83,1440.65,2017
36,1098.04,536.39,347.03,2255.21,1163.77,46.36,2202.46,3579.04,1594.23,392.17,253.58,1150.43,13670.96,9905.25,223.33,8918.34,5700.38,1430.63,2017
37,1011.65,532.83,636.51,4062.16,1012.73,45.96,2151.04,3201.69,1046.90,331.38,274.93,1161.95,14050.03,8338.93,278.99,7892.97,7576.76,1747.53,2017
38,923.93,528.73,135.97,444.81,1132.45,41.43,2242.57,3958.71,2776.50,735.24,244.98,1557.62,13873.33,12160.41,199.60,11270.63,3452.31,1396.48,2017
39,1106.16,473.23,369.49,1032.20,991.44,43.61,2258.60,3740.46,2564.90,855.73,277.76,1436.61,14111.50,11718.69,230.44,10856.30,4293.88,1551.29,2017
40,1095.99,488.47,998.00,4725.67,724.89,47.08,2472.09,3049.28,483.11,462.14,278.39,1002.22,13796.32,7348.06,292.91,7468.85,8358.49,2356.35,2017
41,1106.05,468.40,684.67,3178.31,759.03,49.41,2521.42,3517.71,1787.73,585.81,312.25,1246.16,14542.21,9920.51,256.44,9658.84,6558.12,2119.13,2017
42,1101.57,388.95,553.34,1812.74,967.41,46.36,2519.94,3935.57,2237.18,813.40,280.14,1316.10,14370.84,11037.67,218.77,10822.19,5150.50,2117.10,2017
43,1110.97,393.14,740.61,3837.26,452.82,49.41,2447.84,3661.27,1552.60,713.46,258.48,1194.27,14688.78,9658.39,250.88,9569.44,6842.70,2106.03,2017
44,1138.14,416.18,666.36,3174.60,555.81,53.10,2431.21,3274.88,1391.74,690.23,227.83,1412.62,13853.20,9456.72,213.23,9200.67,6232.02,2064.08,2017
45,1158.49,446.07,526.02,2391.56,234.29,55.28,2245.60,4040.06,2260.82,1058.11,281.01,1689.50,15089.96,11938.36,243.37,11294.09,5092.72,1913.77,2017
46,1193.23,503.13,578.57,2132.77,278.71,56.20,2295.95,3986.39,2452.00,965.50,294.19,1687.19,15311.06,12321.31,217.68,11387.01,5036.80,1768.99,2017
47,1198.81,440.23,579.43,4327.02,278.30,54.97,2477.57,3671.67,1986.36,770.04,271.95,1408.88,15476.01,10291.56,244.49,10314.53,7150.72,2429.83,2017
48,1200.83,448.21,515.70,2779.11,206.04,58.03,2542.26,4073.21,2446.06,1082.29,279.24,1713.39,15872.54,12371.98,267.33,11857.20,5487.15,2229.34,2017
49,1203.62,396.74,907.18,5323.84,175.56,58.46,2475.76,3761.71,1506.98,777.06,178.18,1317.95,16273.52,9867.22,379.81,9839.47,8243.57,2543.77,2017
50,1205.37,455.41,649.61,4528.44,185.01,57.81,2508.30,3767.64,1775.73,810.14,205.61,1522.82,16185.45,10822.64,385.23,10384.62,7287.26,2298.35,2017
51,1206.68,462.27,382.59,2285.03,107.08,56.52,2520.06,3765.18,2473.29,1038.78,229.13,1645.54,15228.29,12453.88,382.78,11442.85,4729.30,1677.74,2017
52,1201.05,406.99,833.24,5557.63,186.83,51.69,2250.43,2300.28,516.81,394.67,184.11,1082.54,12672.31,6094.93,435.75,6544.72,8421.53,2617.97,2017
53,1191.78,454.13,887.10,6592.58,208.20,44.26,2012.94,1624.83,358.49,269.27,198.91,926.81,11667.28,3979.74,447.58,5192.34,9576.96,3455.83,2017
1,1206.62,450.77,565.66,5344.67,200.95,51.94,2122.36,3140.71,1240.27,1039.19,436.59,303.81,14694.34,8583.38,385.77,7846.35,8257.19,2137.72,2018
2,1211.81,471.47,500.03,2634.53,235.34,56.49,2326.11,4175.22,2241.28,1678.61,360.87,307.74,15628.99,12259.42,282.67,10728.95,5470.54,1443.71,2018
3,1208.78,473.25,705.35,4747.01,235.61,57.28,2303.40,3956.29,1425.95,1364.95,357.21,298.75,16144.67,10457.05,249.22,9349.33,7784.48,2106.19,2018
4,1204.42,474.09,581.01,2843.45,254.98,56.35,2308.69,4042.81,2272.80,1418.45,343.77,438.24,15637.54,11958.34,213.35,10480.98,5758.08,1373.34,2018
5,1212.01,462.43,785.68,5039.67,331.10,55.97,2194.19,3435.71,1730.12,1358.45,308.31,295.81,15897.25,9741.11,224.59,9014.28,8195.17,2184.63,2018
6,1209.05,455.52,483.13,1092.38,476.87,60.64,2346.70,4387.97,3309.74,2261.62,354.96,267.99,15868.96,13816.92,208.92,12574.02,4132.55,1776.02,2018
7,1216.44,422.51,739.05,3122.92,630.99,59.65,2309.88,3754.07,2592.52,1714.36,319.10,278.73,15850.43,11357.78,216.39,10649.56,6510.66,2307.70,2018
8,1216.29,441.54,295.76,2136.98,863.74,60.35,2282.48,4300.89,3224.64,1949.64,336.04,287.10,15856.02,12559.82,217.50,12044.74,5350.70,2611.01,2018
9,1204.52,375.90,956.68,3985.46,1041.06,59.28,2003.67,4193.70,2840.59,1480.87,356.96,270.01,16807.26,10824.35,226.12,10788.84,7979.86,3363.92,2018
10,1188.68,377.32,527.94,2657.59,832.54,56.13,2001.02,4131.27,2922.22,1507.33,308.61,285.00,15592.36,11574.56,262.49,10846.84,5948.81,2213.92,2018
11,1166.43,416.31,471.80,4027.42,695.82,54.59,1973.53,3449.06,2007.08,1135.09,362.44,270.79,15483.51,10288.72,340.10,8835.55,7194.81,1481.42,2018
12,1114.12,361.60,479.37,2677.69,1015.47,55.24,2085.61,3753.24,3219.11,1622.77,365.51,257.54,15736.79,11564.60,351.17,10938.28,6068.99,2203.48,2018
13,1162.93,361.04,487.75,1966.72,1059.43,55.50,2282.62,3732.41,2562.52,1313.17,322.89,271.10,14446.02,10932.44,355.56,10161.82,5416.24,2029.95,2018
14,1168.11,426.41,607.56,3534.17,1539.03,54.36,1933.04,3317.98,1097.42,800.23,338.93,396.78,14022.37,8341.96,446.56,7545.46,7668.56,1915.61,2018
15,1121.68,469.22,672.36,2631.57,1537.82,47.50,1897.58,3751.87,1718.88,769.62,360.65,384.84,14345.46,9504.04,364.66,8522.79,6840.81,1552.99,2018
16,1114.97,511.57,327.30,912.73,1917.81,46.12,1851.60,4006.65,2245.70,885.00,330.65,282.94,13825.85,10668.33,336.02,9271.89,5161.15,850.09,2018
17,1062.12,565.09,575.54,2792.43,1697.23,48.23,1602.76,3446.15,1010.07,691.34,353.28,283.31,14099.53,9034.68,429.03,7033.62,7093.91,499.40,2018
18,1152.54,558.06,418.62,2759.78,1853.36,47.09,1577.73,2899.04,1200.58,698.29,335.00,247.56,13329.29,8297.86,382.07,6623.19,7124.46,744.70,2018
19,1144.07,558.61,396.94,1810.48,2142.10,46.60,1803.25,3285.87,856.74,628.71,349.73,247.88,13243.87,8894.71,339.62,6822.45,6448.54,428.11,2018
20,1130.81,582.57,487.61,2076.06,1718.42,46.63,1625.01,3459.10,1314.71,730.56,348.09,261.19,13995.49,9713.72,360.87,7390.57,6390.20,237.60,2018
21,1129.05,559.62,521.76,2177.20,2083.54,46.92,1540.14,3334.35,1267.03,689.77,342.44,258.57,13400.55,8618.40,353.54,7089.86,6860.53,1013.45,2018
22,1088.26,564.43,332.70,1308.02,2006.86,45.03,1594.82,3867.84,1593.74,723.48,291.92,240.00,13630.44,9983.20,300.22,8019.87,5637.22,375.08,2018
23,1079.45,563.45,148.89,1006.36,2104.22,40.84,1621.60,3931.17,2093.57,814.81,275.82,326.95,14074.20,10815.05,268.80,8788.11,5219.02,473.82,2018
24,1122.31,596.61,426.13,1124.56,1664.08,40.79,1873.64,4108.37,1838.05,1048.51,267.05,221.47,14096.29,10881.86,249.12,9090.04,5241.53,643.55,2018
25,1110.31,588.30,720.68,2811.12,1777.28,41.72,2245.67,3446.45,1014.60,736.78,307.56,229.64,14217.82,8909.06,334.75,7673.14,7356.96,1230.51,2018
26,1128.82,525.43,343.48,1599.36,1926.33,41.00,2276.23,3888.08,1445.89,944.71,274.78,172.12,13916.84,10048.04,255.70,8727.03,5839.19,1034.25,2018
27,1129.20,516.27,315.74,1604.36,2257.83,38.75,2247.96,3787.08,1823.84,886.45,271.87,295.44,14092.84,9915.26,254.71,9040.77,6134.01,1631.62,2018
28,1105.53,494.58,348.30,1350.11,1883.48,39.08,2216.60,3996.95,2001.30,1205.99,213.39,215.94,13634.19,10052.62,214.23,9636.78,5434.47,1627.52,2018
29,1049.81,431.95,109.65,995.57,2080.67,38.59,1928.89,4110.27,2178.83,1253.96,168.94,207.89,13541.00,10355.44,128.27,9679.84,4875.18,1313.79,2018
30,1037.42,454.51,246.84,1020.19,2040.62,37.73,1890.36,3734.77,2366.55,1266.87,241.12,308.27,13895.13,10587.79,195.50,9566.82,5078.42,1134.49,2018
31,1047.49,426.76,138.29,934.16,2074.72,36.46,2089.32,3645.43,2202.39,817.87,260.63,803.25,13865.49,10718.65,229.36,9558.26,4918.50,1199.08,2018
32,1077.88,406.33,438.73,2275.73,1924.12,35.84,2164.53,3711.98,1433.81,1186.16,257.82,337.49,13894.29,9256.06,311.42,8833.98,6416.44,1593.87,2018
33,1090.16,390.02,353.87,1357.42,1783.86,36.51,2196.47,3585.52,1610.99,1194.68,250.61,310.91,13462.39,9967.57,240.29,8898.55,5262.45,979.42,2018
34,1104.73,414.29,374.74,1467.92,1605.98,36.73,2232.64,3731.31,1967.86,871.93,277.74,708.23,13800.18,10351.84,259.15,9511.96,5282.12,1596.80,2018
35,1107.63,435.46,416.07,1964.61,1422.05,36.70,2186.66,3698.60,2183.74,1113.39,268.54,532.40,13802.21,9999.83,265.21,9714.79,5651.06,2042.98,2018
36,1108.22,466.62,277.30,1353.94,1330.70,35.48,1944.11,3700.96,2528.53,1295.63,299.28,369.12,13859.53,10897.94,293.14,9838.34,4871.53,1185.54,2018
37,1084.86,400.92,627.61,1484.12,1400.37,35.76,1945.55,3634.35,2423.53,1093.47,288.78,353.91,13947.15,10435.35,292.85,9450.82,5322.42,1186.05,2018
38,1037.57,358.38,802.87,3016.34,1521.08,36.65,1923.95,3438.89,1820.25,833.01,351.61,366.44,14272.45,8932.46,386.82,8382.53,7124.48,1629.18,2018
39,1088.04,371.27,832.01,2924.84,1380.78,37.56,1956.85,3699.88,1594.42,816.62,313.50,353.45,14370.79,9233.52,339.58,8421.23,6948.00,1473.51,2018
40,1146.67,367.00,696.92,2958.14,1150.16,35.89,1944.91,3198.92,2308.34,987.30,316.06,393.87,13795.88,8990.98,330.46,8833.35,6670.84,1903.00,2018
41,1076.60,336.91,743.48,2076.12,1264.32,35.15,1925.52,3443.52,2750.18,1277.94,330.05,397.76,14183.07,10099.43,348.69,9794.92,5862.64,1513.34,2018
42,1109.10,311.06,282.19,1213.35,1108.60,36.06,1961.29,3794.43,3092.22,1722.71,296.14,355.60,14223.65,11619.84,305.38,10926.24,4356.50,1241.70,2018
43,1185.58,297.62,870.13,4131.65,561.91,36.39,1887.37,3777.33,1791.79,1170.11,293.37,344.07,15069.05,9505.69,332.87,8970.68,7376.65,1661.90,2018
44,1203.29,378.83,789.63,3647.58,478.81,37.19,1954.83,3733.71,1638.51,1212.34,242.75,371.83,14489.03,9573.33,333.62,8911.22,6778.09,1670.85,2018
45,1206.86,332.92,624.35,2098.62,496.98,37.75,2096.53,3794.00,2573.29,1774.75,247.52,401.40,14750.02,11530.36,295.44,10639.96,5045.00,1161.14,2018
46,1211.79,324.29,676.43,3177.15,533.34,38.00,2189.57,3582.92,2473.23,1469.79,218.04,390.28,15082.47,10695.81,306.23,10105.79,6179.04,1945.76,2018
47,1229.12,345.43,655.96,3193.75,288.11,37.98,2300.64,3660.20,2771.97,1922.45,259.04,401.25,15464.42,11326.92,263.77,11056.50,6009.39,2033.68,2018
48,1194.25,310.10,831.47,3093.08,230.55,37.58,2301.92,3701.54,2616.08,1934.79,260.79,416.94,15622.19,11467.39,317.45,10971.26,5957.82,1796.33,2018
49,1149.40,331.72,993.76,5519.81,193.72,34.95,2194.37,3073.48,1577.81,1443.62,282.98,397.96,15724.61,9017.61,376.60,8687.25,8506.34,2180.73,2018
50,1181.75,392.37,784.94,3838.51,163.40,34.23,2281.59,3424.69,2749.62,1954.81,316.01,408.73,15891.41,11104.83,360.50,10819.33,6711.19,2283.91,2018
51,1221.69,325.97,702.97,3706.59,146.13,33.53,2313.29,3553.07,2371.26,1756.71,292.27,415.22,15290.07,10734.65,337.62,10409.52,6429.15,2366.52,2018
52,1227.03,434.05,785.02,3321.76,204.64,33.91,2315.34,2406.65,1230.67,1200.74,274.47,400.63,12470.68,8159.57,317.11,7554.03,6280.87,1909.03,2018
53,1226.82,373.96,631.96,3661.35,113.48,34.00,2256.32,2281.98,1031.03,1025.81,292.49,394.60,12045.20,7638.76,369.22,6989.74,6334.08,1710.04,2018
1,1207.85,357.33,774.98,5344.12,166.98,31.65,2160.45,2812.55,1695.86,1405.29,226.64,380.57,14067.03,7781.23,363.11,8454.72,8109.55,2641.52,2019
2,1212.49,385.42,839.77,4873.31,107.13,38.46,2303.53,3203.46,2254.95,1814.54,296.99,394.89,15660.46,9840.57,306.38,9971.36,7753.56,2574.31,2019
3,1212.56,408.81,860.31,5757.19,309.83,48.53,2258.54,2884.35,2117.89,1685.53,257.34,358.69,15788.40,8861.36,337.06,9305.00,8854.57,2788.66,2019
4,1228.79,413.29,477.37,1603.19,315.64,50.62,2369.89,3949.20,3536.52,2534.12,361.82,377.19,16141.98,13746.09,314.08,12766.93,4450.72,1723.89,2019
5,1213.14,358.39,751.99,3125.81,317.13,49.10,2347.63,3692.21,3031.31,2123.03,306.61,372.45,15849.82,11655.21,333.42,11566.63,6122.18,2578.95,2019
6,1212.56,343.75,906.40,4758.86,456.38,47.79,2270.65,3238.57,2077.59,1767.61,276.03,379.56,15898.19,9776.83,339.93,9733.98,8001.77,2462.60,2019
7,1218.48,377.10,844.71,4087.16,805.57,46.43,2273.63,3416.50,1930.35,1606.07,282.71,419.67,15490.06,9752.88,333.85,9646.22,7662.16,2163.67,2019
8,1223.25,382.03,762.75,2666.16,943.53,47.79,2337.66,4085.24,1940.18,1568.14,250.55,455.74,15112.45,10740.34,325.89,10386.95,6276.06,1982.29,2019
9,1213.09,423.78,323.68,1760.17,1095.25,47.69,2338.55,3903.53,1945.85,1510.81,263.89,412.49,14762.71,11583.90,309.51,10111.21,5127.55,971.98,2019
10,1196.41,437.04,1125.57,7386.64,731.75,43.43,2118.79,2002.40,716.18,1088.67,321.13,413.08,14902.02,5658.36,423.37,6339.10,11241.98,2641.14,2019
11,1166.93,475.91,1060.86,7022.73,643.11,45.26,2287.16,1937.33,726.03,1014.17,367.47,330.22,15127.52,6401.14,344.33,6294.90,10782.28,2281.37,2019
12,1185.11,486.78,727.34,2971.76,1467.21,44.50,2280.54,3297.39,1480.82,1451.64,284.03,320.96,14731.22,9565.23,335.04,8831.35,7166.73,1686.01,2019
13,1204.10,443.34,645.40,2167.49,1348.65,45.95,2324.72,3665.38,1117.33,1357.49,262.74,336.26,14415.58,10254.38,324.10,8801.18,6117.66,935.31,2019
14,1205.06,458.77,470.39,2042.61,1555.53,43.49,2320.85,3626.58,1429.75,1453.24,313.41,293.60,14309.40,10241.17,336.90,9124.02,6089.26,1248.56,2019
15,1132.00,454.75,480.32,2026.72,1514.59,45.28,2309.62,3747.72,1739.88,1545.86,256.79,330.99,14173.20,10151.90,291.35,9674.08,5910.45,1705.45,2019
16,1194.07,415.61,880.26,2867.43,2193.40,43.24,1971.36,3114.22,835.10,1160.85,286.41,355.02,13340.80,7400.03,370.56,7436.54,7880.42,2171.98,2019
17,1174.48,488.94,696.40,3499.93,1960.27,37.30,1478.42,2047.50,626.86,869.11,283.80,291.55,12867.06,6710.81,349.64,5313.34,8141.12,480.01,2019
18,1187.89,505.47,620.54,2389.39,1530.24,41.37,1640.66,2760.83,1084.76,1106.20,247.96,351.42,13264.23,8724.38,314.18,6943.74,6522.86,222.60,2019
19,1184.21,497.16,589.71,2092.03,1458.15,42.34,1659.36,3273.34,1534.99,1245.14,263.84,345.79,14075.13,9935.55,254.16,8058.48,6127.44,362.71,2019
20,1183.51,494.05,443.58,2213.32,1939.77,39.57,1584.58,3071.79,1240.42,1096.65,205.44,341.96,13868.45,9272.15,279.26,7335.38,6519.24,147.05,2019
21,1175.68,515.19,475.12,1912.20,1688.91,32.15,1341.67,3163.09,1170.57,1156.30,239.37,319.23,13821.11,9745.20,266.68,7150.76,6038.63,-364.99,2019
22,1155.05,566.55,710.05,1818.96,1867.12,35.46,1614.85,2261.25,764.43,1018.26,256.18,298.65,12835.89,8440.11,343.28,5957.33,6409.37,-410.32,2019
23,1126.41,557.33,571.07,2478.28,2235.94,30.50,1722.37,2257.98,918.10,1098.39,306.12,283.09,13603.01,8318.06,333.51,6279.90,7305.65,-116.39,2019
24,1140.34,510.41,582.22,1779.05,1948.27,30.69,1301.37,2364.54,993.90,1251.90,264.95,220.08,12903.07,8593.84,306.20,6131.78,6255.94,-382.54,2019
25,1132.04,545.26,223.54,1061.76,2106.03,30.40,1501.27,2897.50,992.56,1508.16,260.34,256.85,13087.82,9696.83,268.53,7156.33,5359.37,-643.68,2019
26,1104.45,573.14,596.91,1776.10,2573.88,31.17,1746.73,2403.96,827.74,1412.04,310.51,286.35,13833.36,8886.78,326.62,6676.81,6966.16,-202.14,2019
27,1110.97,567.33,925.75,2562.58,2261.67,33.75,1893.31,2065.75,675.68,1383.78,266.19,265.01,14014.78,8265.15,301.40,6283.52,7728.25,131.55,2019
28,1087.73,558.08,471.41,1562.17,1669.72,36.11,2034.54,2627.51,1041.20,1544.92,231.07,262.06,13603.67,9900.71,254.46,7510.24,5616.30,-91.22,2019
29,1060.67,513.25,384.05,1134.99,1856.15,35.66,1808.56,3096.66,1122.51,1637.31,203.85,255.77,13408.96,10034.14,205.22,7920.80,5188.63,95.31,2019
30,1010.72,486.10,639.81,1726.68,2254.65,33.83,1551.22,2965.05,1422.79,1694.42,244.45,255.72,13781.03,9160.21,253.94,7889.20,6396.25,836.82,2019
31,1034.93,526.34,275.58,905.38,1636.00,35.86,1888.49,2990.43,1082.93,1817.73,196.59,297.37,13359.39,10542.78,229.21,8076.95,4610.67,-496.69,2019
32,1028.68,521.04,521.68,1916.41,1668.30,35.39,1779.12,2660.57,892.02,1641.08,211.90,337.16,13224.33,9118.27,247.61,7309.95,5903.39,118.57,2019
33,1028.87,541.25,774.82,2397.15,1624.22,35.08,1716.04,2054.57,639.73,1411.96,225.87,376.47,13169.49,8373.65,291.54,6198.77,6627.26,-197.83,2019
34,1088.36,558.97,498.13,1299.50,1872.03,33.39,1917.54,2644.11,700.44,1479.10,275.90,319.25,13147.71,9478.40,276.17,7060.45,5626.27,-201.11,2019
35,1037.02,505.43,234.99,828.24,1922.77,35.93,1923.81,3106.06,1587.92,1740.11,303.12,332.12,13693.39,10707.71,290.02,8690.03,4867.51,3.87,2019
36,1052.37,486.94,853.71,2132.88,1509.77,36.61,1933.61,2559.39,689.97,1707.95,220.67,319.54,13491.64,8995.62,290.54,7210.46,6292.95,198.05,2019
37,1058.91,498.44,568.40,1735.92,1402.81,39.94,1944.18,2821.57,799.56,1694.43,236.08,319.18,13642.46,9935.65,240.49,7578.91,5540.51,-275.65,2019
38,1030.51,396.89,696.49,2467.74,1647.91,41.08,1931.18,2758.52,1031.99,1748.17,208.80,323.67,13771.14,8959.33,256.41,7793.53,6489.42,838.17,2019
39,1017.85,377.26,640.68,2368.03,981.43,41.10,2215.23,2994.48,1079.60,1834.26,266.43,352.03,13879.95,9890.13,266.83,8475.60,5692.78,645.36,2019
40,1069.39,365.00,758.56,4022.39,813.97,43.54,2231.95,2126.94,793.80,1693.31,266.10,350.82,13501.71,7907.07,312.56,7196.82,7338.95,1412.30,2019
41,1137.23,452.11,1166.29,4376.15,809.54,43.12,2208.83,2612.77,855.00,1652.40,270.10,368.83,14411.34,8059.70,315.10,7697.82,8254.54,1953.65,2019
42,1179.50,404.79,809.55,3239.11,945.12,41.92,2277.75,2934.83,1049.54,2001.02,272.72,355.77,14309.92,9316.44,279.00,8618.92,6892.71,1486.33,2019
43,1186.42,393.49,669.80,2533.52,773.13,43.51,2280.60,2965.90,1499.16,2063.51,331.11,340.93,14266.36,10290.21,325.59,9150.10,5930.99,1026.45,2019
44,1198.42,389.06,651.18,2842.16,670.62,51.19,2272.44,2863.99,1652.66,1892.58,256.34,379.77,14040.71,9877.04,293.69,9061.44,6058.97,1567.80,2019
45,1139.49,429.82,462.69,1758.23,401.79,50.20,2305.03,3410.48,2072.77,1965.44,279.49,389.70,14551.21,11928.85,306.28,10143.41,4521.70,620.21,2019
46,1196.74,392.23,922.99,2923.21,443.30,46.08,2316.60,3590.73,2279.99,1870.09,230.51,373.63,15150.36,10861.19,285.65,10431.04,6155.06,1922.42,2019
47,1220.82,413.64,812.99,2411.55,306.57,48.91,2062.77,3692.79,2504.22,2008.33,273.01,344.14,15293.07,11762.26,301.75,10612.26,5487.50,1444.20,2019
48,1222.40,371.70,820.58,3384.13,290.42,49.55,2276.31,3659.26,1999.64,1618.75,255.36,356.84,15286.64,10791.77,269.65,9910.81,6394.13,1566.58,2019
49,1228.68,376.57,1038.27,3654.88,360.48,54.78,2229.69,3389.18,2010.27,1930.81,306.58,382.01,15602.56,10549.21,303.63,9941.96,7020.24,1828.42,2019
50,1228.26,364.31,1139.02,5492.75,261.62,49.74,2147.35,2637.40,1395.76,1643.92,311.97,383.28,15704.15,8811.06,367.40,8207.71,8847.67,1971.16,2019
51,1235.41,353.36,1217.55,4608.12,329.78,51.28,2174.49,2636.24,1172.31,1493.85,294.38,392.34,14632.92,8477.79,367.26,7869.22,8089.87,1835.51,2019
52,1243.06,391.54,604.44,2720.57,222.16,53.23,2230.04,1944.60,582.75,1150.65,306.94,403.09,11897.92,8351.03,376.01,6311.13,5541.93,376.95,2019
53,1234.18,363.18,1185.30,3870.05,502.43,53.80,2163.48,1858.64,656.97,1206.66,325.06,394.03,12288.81,6731.34,365.37,6279.78,7534.01,1812.25,2019
1,1240.99,347.57,1221.35,4483.12,317.89,54.58,1953.54,2231.43,649.74,1205.24,274.58,393.16,13301.38,7279.36,392.45,6433.11,7940.06,1458.24,2020
2,1238.55,349.83,1118.21,3994.21,267.96,53.72,1967.02,2753.19,1476.21,1897.00,279.72,388.45,14983.52,9603.45,282.54,8481.87,7302.22,1330.54,2020
3,1210.83,341.22,1253.10,5529.21,469.24,53.29,1938.42,2466.73,1188.28,1636.81,309.39,393.18,15567.31,8316.12,341.68,7623.42,9166.27,1663.24,2020
4,1245.36,347.84,790.87,1578.17,402.35,54.97,2012.96,3518.32,2827.69,2812.47,326.06,371.07,15558.49,12787.40,298.54,11542.51,4745.60,1243.95,2020
5,1229.95,339.20,1231.13,6334.64,360.37,52.10,1859.77,2016.91,1023.58,1553.23,318.13,388.35,15739.97,7814.11,391.90,6841.84,9865.52,1581.90,2020
6,1227.35,462.44,808.42,4054.94,597.70,51.30,1953.65,2568.98,1187.18,1901.23,339.87,368.22,15481.21,10020.43,341.17,7979.27,7542.02,704.17,2020
7,1208.95,455.70,1083.63,6818.26,613.40,49.40,1810.25,1618.04,849.49,1291.53,332.55,314.23,15806.62,7291.60,369.91,5883.55,10561.89,1357.76,2020
8,1211.03,429.09,1289.36,7804.63,649.66,47.07,1774.91,1329.47,614.12,1143.52,314.42,305.69,15602.73,5859.37,390.36,5167.72,11745.25,1766.37,2020
9,1220.13,458.17,1067.97,5831.67,577.68,49.26,1900.49,1846.00,784.28,1556.35,353.06,319.42,15230.16,7753.16,346.50,6406.55,9557.94,1282.86,2020
10,1201.01,450.75,633.20,3556.31,798.02,52.41,1974.82,2557.14,1489.12,2016.67,362.70,361.10,14955.42,9968.18,340.39,8398.84,7054.40,934.48,2020
11,1190.79,457.04,1145.00,5664.96,1004.31,50.50,1899.22,1533.76,806.49,1381.70,348.18,347.78,15163.19,7349.22,371.71,5968.95,9860.79,994.35,2020
12,1199.50,437.39,876.93,2840.76,1449.95,46.84,1880.13,2304.90,1025.50,1421.91,307.69,344.03,14185.11,9017.84,332.43,6976.46,7159.06,260.93,2020
13,1204.95,406.03,911.47,3836.69,2225.48,48.38,1592.25,1920.15,512.40,1012.32,333.46,343.88,13688.39,6715.06,373.06,5381.01,8966.47,1015.81,2020
14,1208.98,393.99,939.07,2768.14,1755.44,49.94,1634.14,2038.05,473.52,1324.30,359.07,330.79,13636.92,8174.56,359.34,5800.79,7474.64,60.51,2020
15,1190.32,363.50,462.09,1882.47,2375.20,42.20,1790.76,1619.02,398.44,1159.24,348.38,343.53,12313.61,7594.14,420.29,5310.99,6664.17,-125.30,2020
16,1165.70,378.45,669.91,2134.68,2155.68,42.56,1570.35,1203.23,470.48,1083.66,341.75,344.82,12181.96,7222.04,412.15,4672.53,6888.73,-510.01,2020
17,1168.68,413.28,770.10,3770.84,2484.22,40.14,1577.44,1076.24,481.35,909.26,363.63,340.07,12859.18,5834.35,458.21,4384.37,9010.88,617.66,2020
18,1175.01,442.28,354.91,2097.49,1702.07,41.03,1610.71,1636.71,479.60,1286.36,319.41,342.79,12295.68,8141.53,387.31,5356.16,6132.21,-726.50,2020
19,1184.09,464.52,285.24,1298.89,2220.39,45.03,1559.71,1795.56,450.72,1563.06,304.27,370.12,12676.48,8872.27,362.84,5739.17,5802.43,-1217.04,2020
20,1192.16,522.81,787.33,2405.17,1799.31,45.55,1290.47,1506.95,627.76,1401.42,298.57,370.90,13019.46,8027.99,346.08,5197.49,7050.89,-859.39,2020
21,1177.38,489.30,668.89,1791.42,2136.52,38.97,1275.23,1342.52,547.89,1321.71,342.86,353.82,12173.45,7576.97,354.77,4841.16,6645.34,-744.16,2020
22,1189.24,461.86,391.44,2206.34,2273.72,36.67,1566.53,1345.40,529.33,1545.08,342.53,325.08,12700.48,7829.31,356.45,5311.42,6901.80,-585.05,2020
23,1172.64,428.93,714.83,2311.55,2152.45,37.46,1887.13,1324.24,475.05,1371.89,302.49,265.42,12381.45,7202.98,356.56,5323.74,7120.36,184.23,2020
24,1095.41,520.65,587.32,1407.98,1722.55,37.45,1887.96,1864.32,425.67,1810.32,232.67,235.51,12368.14,8650.62,255.89,6223.77,5604.03,-188.33,2020
25,1079.81,572.72,282.60,1310.37,1598.04,37.87,1546.80,2553.10,574.73,2084.35,230.93,275.53,12766.73,9576.04,211.92,7034.52,5112.35,-357.57,2020
26,1114.63,564.45,276.96,1315.42,2548.03,37.20,1311.53,2436.72,558.16,1979.51,238.39,249.62,12776.55,8636.48,230.50,6535.54,6095.08,1.97,2020
27,1116.89,577.84,725.37,3024.46,2028.36,36.72,1271.67,1861.11,441.27,1661.66,302.57,228.11,13005.10,7227.24,332.86,5463.82,7812.23,376.51,2020
28,1116.04,550.58,699.43,2985.72,1898.14,36.84,1220.62,1958.01,569.56,1765.48,292.14,281.53,13225.78,7642.80,353.79,5795.20,7578.89,239.20,2020
29,1135.23,529.78,176.80,560.89,2021.68,37.49,1356.91,2430.27,794.88,2147.13,280.52,320.73,12719.82,9960.76,287.78,7049.93,4742.39,-879.21,2020
30,1124.40,506.16,361.36,1067.57,2276.40,39.98,1614.17,2306.55,401.56,2163.07,265.19,352.58,12604.13,8899.17,326.89,6837.93,5641.05,-239.80,2020
31,1111.16,458.44,841.75,2075.77,2288.02,36.82,1597.15,1924.47,384.65,1906.89,314.87,352.57,12744.70,7539.51,384.61,6165.73,7126.82,299.63,2020
32,1111.95,498.78,301.47,863.67,2104.55,36.23,1748.27,2592.08,452.69,2182.93,311.59,335.38,12574.23,9304.85,349.07,7311.34,5228.24,-248.42,2020
33,1099.48,509.54,615.17,1301.08,1955.06,35.75,1931.62,2849.72,775.11,1830.33,319.78,330.41,13210.40,9339.42,351.32,7717.18,5835.86,130.29,2020
34,1094.41,476.91,515.33,1529.26,1875.28,36.63,1935.13,2689.42,828.21,1658.49,320.25,312.02,13150.80,9231.24,329.24,7423.26,5848.08,-49.51,2020
35,1111.75,434.12,666.64,3461.86,1525.17,36.85,1916.76,2400.45,825.00,1337.32,245.16,301.96,13250.81,7597.50,327.29,6781.50,7481.55,1188.42,2020
36,1112.30,544.94,593.02,1380.39,1422.79,42.49,1972.66,2981.31,1251.04,1639.12,280.24,308.37,13160.78,9764.90,279.32,8152.51,5376.15,581.48,2020
37,1114.11,506.88,778.67,1666.50,1814.74,44.38,1965.88,2780.91,1278.34,1531.81,269.67,316.08,13368.28,9108.71,301.66,7873.02,6194.95,725.32,2020
38,1106.16,434.26,517.13,1677.28,1979.66,42.97,1911.37,2561.42,1507.97,1612.95,268.85,336.74,13356.11,9182.35,312.40,7930.46,6026.32,690.11,2020
39,1110.18,426.77,519.97,1972.40,1373.18,45.97,1644.32,2478.51,1252.48,1753.82,287.06,357.05,13389.43,9524.17,328.60,7486.18,5735.51,-119.20,2020
40,1091.97,495.36,813.19,1906.82,1061.46,47.89,1656.97,2760.21,1461.73,1638.99,309.56,389.10,13673.25,9892.09,320.58,7907.01,5726.25,136.29,2020
41,1119.63,490.07,1161.45,4203.30,847.34,46.61,1638.03,2743.04,774.78,1416.85,292.59,402.32,14293.02,8081.20,376.37,6975.01,8160.99,1151.55,2020
42,1164.11,465.86,681.81,2047.42,640.87,51.15,1672.98,3561.16,1845.98,1954.02,295.78,417.42,14262.56,10892.79,305.84,9451.55,5347.00,743.77,2020
43,1183.33,419.88,1034.95,3672.54,723.76,48.85,1724.22,3307.91,1298.67,1405.00,300.44,386.75,14439.89,9008.97,352.90,8122.55,7383.74,1257.67,2020
44,1175.39,465.97,1178.72,4638.10,555.59,47.28,1889.25,3088.14,700.79,1109.12,270.54,388.21,14557.39,8185.30,351.52,7175.51,8331.58,1282.80,2020
45,1130.04,464.76,964.31,3473.13,687.42,48.74,1642.46,3007.05,1286.90,1636.21,295.66,408.86,14602.24,9477.70,356.83,7981.48,7064.05,843.53,2020
46,1184.56,410.48,524.89,1470.80,538.33,55.88,1698.12,3792.61,1975.42,2206.41,276.70,394.74,14440.72,11907.01,249.03,10067.30,4461.64,520.54,2020
47,1158.09,371.06,1292.02,5190.69,518.56,53.13,1607.31,2733.73,1004.97,1464.48,245.49,376.71,15049.23,8048.25,269.95,7187.19,8829.03,1483.52,2020
48,1168.97,374.64,877.64,2332.08,380.30,58.13,1651.64,3706.98,2413.28,2732.30,270.41,368.53,15279.80,11690.08,281.01,10872.73,5462.17,1607.83,2020
49,1158.89,353.82,796.09,2125.83,262.04,57.74,1899.68,3648.21,2464.19,2863.65,286.71,387.22,15603.07,12419.39,334.43,11262.95,5041.12,1292.29,2020
50,1173.52,373.21,665.25,1654.09,165.50,56.29,2000.93,3847.47,2546.52,2903.97,290.46,418.18,15534.42,13049.85,316.92,11717.06,4378.34,1002.94,2020
51,1160.43,335.93,1128.56,3145.00,302.84,55.60,1969.30,3324.92,1504.71,2011.43,265.11,407.96,14961.45,10385.36,320.83,9218.31,6393.46,1180.53,2020
52,1169.86,333.71,1056.95,3886.14,215.48,52.42,1971.47,1858.02,635.20,1286.13,277.09,392.40,12826.07,7667.79,338.65,6143.21,6991.65,863.47,2020
53,1175.51,330.44,593.74,4228.29,289.55,53.17,1914.69,1998.03,805.29,1425.77,272.50,397.02,12836.09,7724.81,353.61,6540.79,6943.18,1263.26,2020
1,1181.91,291.36,158.88,714.86,194.86,57.79,2035.91,3016.04,873.38,1780.11,217.74,416.72,11835.47,10767.13,300.32,8122.14,2817.40,-115.72,2021
2,1175.44,322.17,752.59,1847.38,85.73,57.21,1982.25,3456.47,2138.71,2389.81,334.67,423.02,14899.30,12213.90,307.74,10390.25,4575.18,991.81,2021
3,1169.75,321.42,913.15,3724.22,200.16,56.28,1974.22,3435.50,1877.43,2193.04,291.10,392.77,16073.28,11236.00,337.89,9872.95,6676.07,1366.53,2021
4,1163.91,322.07,1068.54,5123.07,264.46,55.00,1959.33,3175.56,1389.10,1733.47,268.54,408.36,15908.89,9453.09,330.28,8665.81,8265.59,1852.08,2021
5,1163.68,369.76,541.49,2533.39,242.83,56.49,2028.75,3844.91,1826.95,2161.66,312.03,400.59,15691.20,12373.76,301.07,10262.86,5219.68,807.60,2021
6,1166.85,379.16,1022.16,3072.42,335.40,54.71,1976.05,3189.08,1410.06,1972.15,300.34,386.99,15602.67,11172.98,305.26,8934.32,6331.04,784.20,2021
7,1150.50,433.93,849.98,2772.37,298.80,55.26,1998.88,3249.86,1957.10,2514.47,318.29,407.81,16256.23,12335.39,305.72,10128.11,5879.13,862.07,2021
8,1139.38,387.41,1267.38,3977.76,823.55,54.90,1984.89,2785.51,1007.63,1922.36,248.42,385.52,15692.61,9624.25,290.84,8085.92,7898.80,1383.16,2021
9,1117.92,370.76,968.67,2800.26,1348.99,49.17,1995.84,2370.19,648.03,1688.11,256.76,374.29,14688.54,9570.93,324.54,7076.45,6912.53,49.08,2021
10,1163.65,377.16,351.50,1385.62,1409.89,53.11,2021.90,3342.80,1173.91,2259.43,292.46,403.08,14849.68,11702.99,306.44,9201.12,5033.40,204.52,2021
11,1150.15,362.01,946.68,4798.26,1141.93,52.20,1937.31,2407.50,1144.02,1732.06,261.00,390.26,15448.31,8561.80,317.00,7611.14,8712.23,1545.78,2021
12,1161.36,380.78,745.07,3074.02,1082.47,54.89,1952.39,2481.39,1261.18,1921.77,278.21,373.37,15256.37,10355.16,276.91,7990.11,6776.80,297.58,2021
13,1109.32,343.98,911.76,2844.77,1456.98,51.34,1643.74,2665.55,1272.03,2057.39,257.77,415.42,14896.82,9683.59,324.56,8054.12,6975.92,731.54,2021
14,1146.40,385.12,1000.72,2744.70,2074.96,46.38,1636.55,1809.96,660.18,1385.50,313.36,398.29,13685.11,7865.06,371.37,5890.48,7711.63,186.06,2021
15,1155.23,363.82,920.85,4595.66,1478.83,42.18,1631.01,1828.28,850.08,1409.34,318.61,373.83,14346.70,7351.67,361.98,6092.55,8875.19,1005.92,2021
16,1151.62,360.91,562.55,2168.07,1655.19,44.91,1724.44,2996.51,1656.03,2234.32,207.74,390.24,14816.46,10430.94,260.01,9001.55,6151.00,877.23,2021
17,1142.42,318.04,448.95,1824.46,2180.72,43.64,1944.78,2680.37,1384.34,1872.24,224.63,382.50,14255.77,9801.95,253.95,8264.24,6182.86,565.16,2021
18,1155.26,357.06,313.10,1783.24,2245.19,44.52,1890.56,2692.67,1159.07,1592.03,239.01,383.88,13802.53,9461.31,274.33,7718.23,6137.38,371.91,2021
19,1147.63,459.42,626.60,4399.26,1821.02,45.53,1614.83,1801.32,963.22,1223.58,237.23,396.97,14431.66,7585.09,279.24,5999.92,8736.69,650.93,2021
20,1170.77,527.14,306.20,2076.80,1820.86,42.42,1632.07,1948.53,771.84,1042.72,212.12,398.87,13102.97,8899.43,257.84,5794.04,6156.32,-1004.61,2021
21,1154.27,523.37,391.96,2876.93,2023.52,41.61,1869.45,1746.52,798.70,992.94,228.18,390.10,13817.06,8525.02,282.50,5797.70,7239.85,-654.00,2021
22,1182.22,546.68,552.64,3302.57,1983.56,37.45,1944.48,2080.53,755.74,943.81,238.59,343.49,13305.91,7467.45,256.55,6068.05,7843.71,794.20,2021
23,1097.19,546.40,301.60,1282.48,2776.08,36.50,1929.63,2364.75,618.50,1118.27,249.74,370.29,13037.58,8677.77,269.77,6401.45,6289.99,-358.41,2021
24,1084.32,592.31,257.17,1041.00,2312.13,35.28,1830.72,2721.51,1038.71,1643.95,246.06,376.94,13613.15,10003.18,236.35,7611.82,5568.28,-494.64,2021
25,1052.19,578.91,421.61,1321.04,3043.82,33.93,1586.27,2691.32,1172.30,1477.33,274.94,386.11,13987.12,9200.98,286.43,7313.33,6726.44,-37.48,2021
26,1029.81,575.13,338.40,1064.18,2128.28,33.87,1637.64,3087.22,1282.07,1629.29,236.45,364.71,13749.60,10219.10,248.54,8000.93,5406.11,-329.41,2021
27,1036.32,589.27,350.99,1176.75,2112.50,35.19,1635.14,2995.07,1288.86,1560.42,219.91,351.59,13819.47,10179.53,223.74,7831.08,5520.93,-264.64,2021
28,973.85,562.67,332.59,1371.55,1865.61,34.66,1690.87,2848.87,1460.98,1300.77,215.40,347.17,13735.37,10165.98,228.62,7648.67,5356.33,-501.39,2021
29,943.69,559.73,507.09,1248.03,1902.13,34.91,1960.90,2502.91,1373.16,1266.00,235.54,347.74,13758.57,10101.62,168.49,7450.69,5431.12,-614.42,2021
30,955.34,517.63,294.99,1024.04,2450.07,34.16,1956.43,2196.56,1216.73,1218.68,221.65,374.00,13516.01,9747.22,218.65,6962.40,5497.88,-696.24,2021
31,954.05,574.08,652.33,2715.05,2224.96,34.34,1895.00,2214.90,771.39,845.19,197.41,380.16,13541.23,7949.19,315.01,6106.63,7352.22,136.01,2021
32,957.45,571.51,423.32,1338.66,1815.10,33.66,1969.27,2476.45,843.77,801.30,219.43,376.45,13005.28,9428.50,200.95,6467.24,5359.13,-781.64,2021
33,963.71,572.06,592.09,1822.05,2338.93,35.12,1920.83,2432.85,715.13,772.76,229.58,371.06,13043.08,8290.33,235.83,6212.62,6553.53,56.58,2021
34,962.87,554.77,705.29,2906.45,1681.42,33.78,1920.45,2509.20,872.18,745.08,197.28,372.34,13421.01,8128.16,204.84,6419.26,7041.86,411.39,2021
35,971.52,540.21,824.86,2236.83,1524.68,34.89,1962.17,2658.44,1169.56,765.12,215.65,355.09,13393.43,8807.39,216.65,6910.39,6348.64,346.20,2021
36,979.04,531.92,396.14,1344.25,1803.71,37.50,1974.26,2704.58,1888.53,994.55,232.75,346.60,13540.24,9996.45,234.12,7908.51,5325.32,266.88,2021
37,970.58,463.88,190.79,797.76,2069.93,33.72,1966.59,2906.85,2391.79,1255.24,250.63,315.51,13433.81,10375.65,249.11,8835.98,4777.29,593.92,2021
38,972.19,422.60,483.95,1310.70,1421.28,33.82,1977.15,3203.64,2393.17,1246.12,233.94,316.37,13674.92,10459.30,251.28,9136.45,4878.47,853.73,2021
39,987.19,372.58,647.58,2259.27,1394.86,37.52,1904.02,3015.40,2074.22,983.13,253.53,350.03,13800.82,9499.47,309.54,8326.80,5952.54,775.80,2021
40,983.57,326.26,916.77,2896.73,1444.34,39.91,1574.46,3062.07,1782.63,903.00,261.20,366.62,14035.82,8778.35,323.04,7688.78,6868.79,768.99,2021
41,997.39,326.62,675.21,2617.81,1111.28,43.67,1586.66,2896.29,1799.70,1115.20,230.92,359.37,14102.50,9698.51,307.92,7757.22,6002.89,-13.00,2021
42,1007.82,306.34,1012.39,2436.65,1120.32,44.71,1758.20,3419.16,2115.45,1133.41,207.16,373.26,14677.05,10108.05,240.16,8799.47,6135.39,805.64,2021
43,1011.29,280.63,1055.02,4938.51,894.10,42.33,1887.18,2830.85,1287.58,974.96,288.42,353.18,14933.41,8046.10,340.99,7333.76,8510.30,1324.96,2021
44,1036.34,270.23,1138.88,3324.14,1020.37,43.89,1951.48,3116.58,1619.23,1059.48,307.21,349.51,14856.57,9373.45,347.49,8096.28,7141.07,935.20,2021
45,1040.77,283.98,803.83,3143.70,564.75,44.53,1945.75,2730.73,1931.90,1408.26,268.45,367.45,14617.37,10105.40,310.20,8384.09,6150.02,511.61,2021
46,1046.80,283.22,816.27,2328.70,617.67,50.53,1945.31,3202.72,2421.19,1919.47,268.90,396.43,15156.15,11393.82,311.10,9885.12,5412.08,721.18,2021
47,1037.23,292.16,891.87,3026.58,220.74,51.90,1953.98,3391.30,2344.93,1609.45,293.43,385.28,14930.29,10791.38,359.74,9684.93,5813.92,774.45,2021
48,1052.50,266.48,1020.98,2170.58,329.17,52.07,1948.21,3358.28,2749.12,2123.36,303.66,432.13,15575.98,12055.53,332.31,10611.11,5195.45,1155.14,2021
49,1038.46,278.25,952.24,4718.37,222.17,45.27,1890.42,3094.64,2174.13,1586.34,304.21,401.48,16290.15,10397.65,328.93,9147.01,7558.97,1564.54,2021
50,1059.86,313.62,1050.91,2290.44,211.67,53.66,1921.33,3565.50,2455.20,2130.71,280.10,419.92,16016.00,12463.31,298.44,10492.65,5260.27,918.84,2021
51,1052.87,305.80,799.72,2337.55,167.71,53.47,1927.83,3262.93,2343.79,2116.31,290.29,406.53,15561.27,12256.57,305.59,10057.40,5007.41,409.93,2021
52,1057.46,274.21,487.40,2681.30,340.59,50.65,1873.61,3497.69,2183.25,1748.57,275.72,407.84,14359.84,10850.83,326.34,9710.96,5167.35,1266.66,2021
53,1031.39,340.79,1038.17,4614.79,236.43,43.43,1782.27,2713.98,1186.20,921.40,302.92,379.22,13281.30,7392.16,389.73,6983.06,7607.91,2160.07,2021
1,1000.78,366.07,1375.34,4117.02,358.75,37.32,835.73,1224.55,686.85,688.64,308.53,371.55,11175.24,5324.45,338.74,3807.32,7563.82,702.26,2022
2,1016.90,357.45,1332.85,5557.27,261.92,45.74,977.72,2692.17,1798.85,1202.91,282.24,369.70,14947.97,7796.21,363.00,7041.34,8854.35,2050.75,2022
3,1051.68,348.62,752.08,2393.78,355.04,51.22,923.90,3458.92,2699.67,2370.89,313.13,332.93,15782.63,12282.02,318.99,9786.31,5265.55,378.80,2022
4,1055.27,312.37,1194.14,4782.05,343.06,51.12,1013.26,3107.87,2465.10,1864.80,286.67,372.75,16201.55,9882.62,358.96,8823.79,8024.69,1533.77,2022
5,1055.55,298.96,890.45,4203.98,324.94,49.25,1014.57,2923.98,2472.37,2145.40,299.78,366.33,15981.20,10562.15,344.97,8922.64,7122.91,1044.57,2022
6,1051.25,256.85,1123.23,6602.47,432.15,44.19,998.85,2457.31,1654.53,1566.70,257.70,369.37,16007.55,7850.05,376.47,7046.75,9767.85,1890.61,2022
7,1052.73,269.14,1121.27,5892.98,690.91,45.95,1001.44,2547.20,1984.10,1501.42,245.84,372.57,15893.11,8188.28,356.36,7406.74,9318.81,1745.07,2022
8,1039.89,280.33,1161.78,7802.26,829.65,42.58,1001.79,1830.93,1581.23,1233.10,289.32,363.43,15723.02,5929.62,417.66,6010.48,11445.81,2095.86,2022
9,1042.16,283.88,1059.84,6901.05,958.61,43.27,1004.57,2475.99,1751.18,1198.65,301.95,379.40,15674.22,6754.98,411.69,6809.78,10590.77,2363.88,2022
10,1058.65,274.38,559.80,1676.31,1741.21,47.82,1008.47,3382.20,2673.00,1769.62,281.32,406.26,15156.02,11178.97,374.50,9239.55,5639.49,871.25,2022
11,1051.90,245.68,591.87,3002.18,2040.26,46.25,1005.52,3003.40,2447.13,1393.91,317.31,402.74,15043.59,9409.55,431.33,8252.69,7295.43,1235.93,2022
12,1052.47,266.92,585.86,2962.22,1485.46,44.00,1001.92,3067.86,2177.96,1688.98,274.42,392.15,14828.43,9795.24,354.43,8328.87,6671.35,1070.34,2022
13,1048.50,285.24,316.65,1933.62,2322.26,42.10,994.02,2966.31,2402.36,1664.92,256.15,377.91,14358.70,9786.43,385.50,8405.53,6204.53,1065.71,2022
14,1026.31,296.79,549.38,2702.03,1342.92,42.68,988.65,3332.84,2197.47,1694.12,265.64,389.61,14757.52,10163.55,358.03,8602.68,6225.75,1118.32,2022
15,1023.32,308.66,981.58,6455.01,1271.73,36.59,1000.72,2499.50,1421.44,1047.63,302.74,337.49,15245.44,6537.49,420.22,6306.77,10379.63,2135.82,2022
16,1021.28,339.91,628.31,2313.90,2245.52,38.78,995.37,2912.19,1495.85,1189.69,279.92,375.69,13547.06,8359.66,397.72,6968.80,6867.61,844.98,2022
17,1022.90,314.66,660.44,2481.38,2514.52,38.19,989.99,2926.23,993.37,979.95,264.57,339.03,13173.04,7517.00,373.98,6228.57,7296.66,1067.38,2022
18,1019.94,328.89,345.24,1397.10,2077.46,36.51,994.17,3215.10,1734.64,1463.40,171.47,265.01,13845.01,10025.52,220.38,7672.33,5376.60,29.04,2022
19,1077.03,345.32,142.57,618.54,2298.22,30.77,919.47,3245.55,1762.33,1485.85,176.27,233.44,13488.45,10429.48,190.00,7646.64,4688.72,-357.66,2022
20,1067.18,397.82,612.80,2549.20,2688.05,29.22,645.79,2803.61,936.66,1233.29,295.48,248.33,13772.21,7922.51,395.62,5867.68,7639.75,208.40,2022
21,1067.45,469.44,412.56,2197.67,2654.08,29.00,642.17,2699.03,1037.05,1506.91,268.12,267.81,13795.40,8531.44,369.13,6152.96,7098.33,-223.02,2022
22,1065.62,482.26,860.16,3726.83,2313.68,29.00,733.57,2230.02,699.51,1077.92,316.70,243.57,12928.49,6028.13,497.06,4984.59,8794.24,912.97,2022
23,1038.35,446.66,342.43,1112.64,2569.60,28.31,903.06,3249.59,916.39,1689.12,290.77,275.70,13129.24,9104.92,282.27,7033.87,5828.77,-215.40,2022
24,966.36,472.61,651.66,2007.15,2363.41,27.95,657.44,3127.85,853.28,1216.48,248.88,223.59,12668.40,7646.56,353.08,6078.63,6738.02,357.65,2022
25,942.00,456.00,404.79,1438.20,3118.14,27.35,652.73,2954.12,1226.77,1196.84,332.28,222.44,12779.30,7818.52,417.25,6252.89,6718.75,345.75,2022
26,959.31,445.38,301.58,1506.75,2630.94,26.34,706.67,3044.21,1614.77,1632.56,323.44,219.55,13257.30,8818.36,422.07,7217.76,6193.73,-180.63,2022
27,972.71,452.13,399.74,1315.74,2521.67,27.37,982.66,3206.30,1631.02,1730.19,311.05,204.48,13320.33,9083.52,434.52,7754.64,6000.42,61.63,2022
28,1034.57,424.71,753.82,2373.23,2567.38,28.00,987.49,2963.12,1544.59,887.18,338.57,222.08,13853.11,8159.00,460.67,6604.46,7520.27,510.83,2022
29,1037.70,358.47,597.05,2109.81,2685.53,28.00,976.22,2793.77,1476.37,1309.70,329.81,261.08,13560.28,8168.17,469.66,6817.14,7146.38,319.50,2022
30,1021.88,375.26,490.08,1286.72,2857.92,28.09,983.20,3044.47,1352.67,1877.93,374.44,266.64,13703.96,9069.57,482.50,7524.92,6434.40,137.32,2022
31,1019.46,395.68,567.63,1761.69,2610.20,28.39,985.83,3098.52,1409.98,1492.95,325.01,244.05,13365.14,8425.95,464.94,7231.33,6708.06,410.06,2022
32,1014.87,368.40,430.08,1210.63,2648.99,27.15,977.15,3209.71,1761.12,1103.10,312.73,178.36,13188.66,8899.29,446.74,7229.44,6012.85,42.83,2022
33,1112.55,350.60,83.01,1215.06,3034.93,27.00,990.17,2916.93,1727.52,849.13,338.16,250.63,13233.62,8900.94,424.04,6734.38,6161.30,105.32,2022
34,1128.78,378.98,294.70,975.42,2032.58,27.00,989.33,2862.85,1729.79,1975.81,255.45,232.89,13087.87,9785.49,337.43,7790.67,5092.92,-438.12,2022
35,1138.53,378.37,381.79,1110.99,2259.98,27.00,991.60,3032.87,2126.89,1850.32,222.89,259.75,13166.09,9413.70,339.91,8261.42,5519.56,377.19,2022
36,1140.60,357.59,618.84,1479.25,2113.89,27.00,994.74,2935.72,2162.74,1604.95,244.04,266.75,13134.84,8923.16,405.84,7964.88,5981.22,616.37,2022
